ID,mode,person_oid,archetype_id,complexity_level,age,gender,first_name,last_name,writer_style,embedded_scenarios,case_note
001,standard,SYN_00001,A1,1,29,male,Anthony,Gonzalez,standard_professional,none,"Date: 2025-09-14 - Anthony session. Client concerns: requires job search support. Services provided: skills assessment completed, employment counseling session. Assessment: Client engaged appropriately during the session and demonstrated understanding of discussed options. Plan: Follow up in two weeks to review progress."
002,standard,SYN_00002,A1,1,34,female,Jennifer,Lopez,standard_professional,none,"Date: 2025-10-10 - Jennifer session. Client concerns: lacking recent work experience. Services provided: benefit application review, skills assessment completed. Assessment: Person engaged constructively in problem-solving and indicated readiness for recommended actions. Plan: Follow up in two weeks to review progress."
003,standard,SYN_00003,A1,1,23,female,Jessica,Smith,standard_professional,none,"Date: 2025-08-24 - Jessica session. Client concerns: lacking recent work experience. Services provided: employment counseling session, skills assessment completed. Assessment: Client engaged appropriately during the session and demonstrated understanding of discussed options. Plan: Follow up in two weeks to review progress."
004,standard,SYN_00004,A1,1,26,male,Robert,Smith,standard_professional,none,"Date: 2025-08-27 - Robert session. Client concerns: seeking employment opportunities. Services provided: benefit application review, employment counseling session. Assessment: Client engaged appropriately during the session and demonstrated understanding of discussed options. Plan: Follow up in two weeks to review progress."
005,standard,SYN_00005,A1,1,31,male,Robert,Anderson,standard_professional,none,"Date: 2025-09-19 - Robert session. Client concerns: lacking recent work experience. Services provided: employment counseling session, benefit application review. Assessment: Individual demonstrated appropriate engagement and expressed commitment to the service plan. Plan: Follow up in two weeks to review progress."
006,standard,SYN_00006,A1,1,23,female,Amy,Garcia,standard_professional,none,"Date: 2025-08-21 - Amy session. Client concerns: seeking employment opportunities. Services provided: benefit application review, employment counseling session. Assessment: Person engaged constructively in problem-solving and indicated readiness for recommended actions. Plan: Follow up in two weeks to review progress."
007,standard,SYN_00007,A1,1,25,female,Jessica,Miller,standard_professional,none,"Date: 2025-10-20 - Jessica session. Client concerns: lacking recent work experience. Services provided: skills assessment completed, employment counseling session. Assessment: Client engaged appropriately during the session and demonstrated understanding of discussed options. Plan: Follow up in two weeks to review progress."
008,standard,SYN_00008,A1,1,31,female,Jessica,Williams,standard_professional,none,"Date: 2025-08-15 - Jessica session. Client concerns: lacking recent work experience. Services provided: benefit application review, employment counseling session. Assessment: Client engaged appropriately during the session and demonstrated understanding of discussed options. Plan: Follow up in two weeks to review progress."
009,standard,SYN_00009,A1,1,28,male,James,Lopez,standard_professional,none,"Date: 2025-10-04 - James session. Client concerns: lacking recent work experience. Services provided: benefit application review, skills assessment completed. Assessment: Person engaged constructively in problem-solving and indicated readiness for recommended actions. Plan: Follow up in two weeks to review progress."
010,standard,SYN_00010,A1,1,35,female,Nicole,Gonzalez,standard_professional,none,"Date: 2025-08-08 - Nicole session. Client concerns: requires job search support. Services provided: employment counseling session, benefit application review. Assessment: Person engaged constructively in problem-solving and indicated readiness for recommended actions. Plan: Follow up in two weeks to review progress."
011,standard,SYN_00011,A1,1,26,female,Amy,Wilson,standard_professional,none,"Date: 2025-09-22 - Amy session. Client concerns: seeking employment opportunities. Services provided: benefit application review, skills assessment completed. Assessment: Individual demonstrated appropriate engagement and expressed commitment to the service plan. Plan: Follow up in two weeks to review progress."
012,standard,SYN_00012,A1,1,22,female,Melissa,Davis,standard_professional,none,"Date: 2025-09-02 - Melissa session. Client concerns: lacking recent work experience. Services provided: skills assessment completed, benefit application review. Assessment: Client engaged appropriately during the session and demonstrated understanding of discussed options. Plan: Follow up in two weeks to review progress."
013,standard,SYN_00013,A1,1,27,female,Ashley,Davis,standard_professional,none,"Date: 2025-10-09 - Ashley session. Client concerns: lacking recent work experience. Services provided: skills assessment completed, employment counseling session. Assessment: Client engaged appropriately during the session and demonstrated understanding of discussed options. Plan: Follow up in two weeks to review progress."
014,standard,SYN_00014,A1,1,23,female,Sarah,Jones,standard_professional,none,"Date: 2025-08-21 - Sarah session. Client concerns: seeking employment opportunities. Services provided: skills assessment completed, employment counseling session. Assessment: Client engaged appropriately during the session and demonstrated understanding of discussed options. Plan: Follow up in two weeks to review progress."
015,standard,SYN_00015,A1,1,29,female,Angela,Davis,standard_professional,none,"Date: 2025-09-11 - Angela session. Client concerns: requires job search support. Services provided: benefit application review, employment counseling session. Assessment: Client engaged appropriately during the session and demonstrated understanding of discussed options. Plan: Follow up in two weeks to review progress."
016,standard,SYN_00016,A1,1,26,male,Jason,Jones,standard_professional,none,"Date: 2025-09-08 - Jason session. Client concerns: lacking recent work experience. Services provided: employment counseling session, benefit application review. Assessment: Client engaged appropriately during the session and demonstrated understanding of discussed options. Plan: Follow up in two weeks to review progress."
017,standard,SYN_00017,A1,1,33,female,Sarah,Wilson,standard_professional,none,"Date: 2025-09-16 - Sarah session. Client concerns: lacking recent work experience. Services provided: benefit application review, skills assessment completed. Assessment: Individual demonstrated appropriate engagement and expressed commitment to the service plan. Plan: Follow up in two weeks to review progress."
018,standard,SYN_00018,A1,1,29,male,James,Hernandez,standard_professional,none,"Date: 2025-09-29 - James session. Client concerns: seeking employment opportunities. Services provided: employment counseling session, benefit application review. Assessment: Person engaged constructively in problem-solving and indicated readiness for recommended actions. Plan: Follow up in two weeks to review progress."
019,standard,SYN_00019,A1,1,31,other,Jamie,Garcia,standard_professional,none,"Date: 2025-08-28 - Jamie session. Client concerns: lacking recent work experience. Services provided: employment counseling session, skills assessment completed. Assessment: Client engaged appropriately during the session and demonstrated understanding of discussed options. Plan: Follow up in two weeks to review progress."
020,standard,SYN_00020,A1,1,29,female,Michelle,Lopez,standard_professional,none,"Date: 2025-10-06 - Michelle session. Client concerns: lacking recent work experience. Services provided: benefit application review, skills assessment completed. Assessment: Person engaged constructively in problem-solving and indicated readiness for recommended actions. Plan: Follow up in two weeks to review progress."
021,standard,SYN_00021,A1,1,28,male,Christopher,Rodriguez,standard_professional,none,"Date: 2025-09-13 - Christopher session. Client concerns: lacking recent work experience. Services provided: employment counseling session, benefit application review. Assessment: Person engaged constructively in problem-solving and indicated readiness for recommended actions. Plan: Follow up in two weeks to review progress."
022,standard,SYN_00022,A1,1,24,female,Amanda,Miller,standard_professional,none,"Date: 2025-09-02 - Amanda session. Client concerns: requires job search support. Services provided: skills assessment completed, benefit application review. Assessment: Person engaged constructively in problem-solving and indicated readiness for recommended actions. Plan: Follow up in two weeks to review progress."
023,standard,SYN_00023,A1,1,29,female,Ashley,Williams,standard_professional,none,"Date: 2025-09-15 - Ashley session. Client concerns: lacking recent work experience. Services provided: employment counseling session, benefit application review. Assessment: Person engaged constructively in problem-solving and indicated readiness for recommended actions. Plan: Follow up in two weeks to review progress."
024,standard,SYN_00024,A1,1,29,male,James,Garcia,standard_professional,none,"Date: 2025-09-06 - James session. Client concerns: requires job search support. Services provided: employment counseling session, skills assessment completed. Assessment: Client engaged appropriately during the session and demonstrated understanding of discussed options. Plan: Follow up in two weeks to review progress."
025,standard,SYN_00025,A1,1,29,female,Melissa,Rodriguez,standard_professional,none,"Date: 2025-10-20 - Melissa session. Client concerns: requires job search support. Services provided: employment counseling session, skills assessment completed. Assessment: Person engaged constructively in problem-solving and indicated readiness for recommended actions. Plan: Follow up in two weeks to review progress."
026,standard,SYN_00026,A2,1,30,male,Matthew,Smith,standard_professional,none,"Date: 2025-10-31 - Matthew session. Client concerns: requires job search support. Services provided: employment counseling session, skills assessment completed. Assessment: Individual demonstrated appropriate engagement and expressed commitment to the service plan. Plan: Follow up in two weeks to review progress."
027,standard,SYN_00027,A2,1,50,male,David,Johnson,standard_professional,none,"Date: 2025-09-18 - David session. Client concerns: lacking recent work experience. Services provided: skills assessment completed, benefit application review. Assessment: Individual demonstrated appropriate engagement and expressed commitment to the service plan. Plan: Follow up in two weeks to review progress."
028,standard,SYN_00028,A2,1,37,female,Nicole,Wilson,standard_professional,none,"Date: 2025-08-13 - Nicole session. Client concerns: seeking employment opportunities. Services provided: employment counseling session, benefit application review. Assessment: Client engaged appropriately during the session and demonstrated understanding of discussed options. Plan: Follow up in two weeks to review progress."
029,standard,SYN_00029,A2,1,28,male,David,Martinez,standard_professional,none,"Date: 2025-10-11 - David session. Client concerns: lacking recent work experience. Services provided: benefit application review, employment counseling session. Assessment: Client engaged appropriately during the session and demonstrated understanding of discussed options. Plan: Follow up in two weeks to review progress."
030,standard,SYN_00030,A2,1,25,male,Anthony,Wilson,standard_professional,none,"Date: 2025-09-25 - Anthony session. Client concerns: requires job search support. Services provided: skills assessment completed, employment counseling session. Assessment: Individual demonstrated appropriate engagement and expressed commitment to the service plan. Plan: Follow up in two weeks to review progress."
031,standard,SYN_00031,A2,1,54,male,David,Garcia,standard_professional,none,"Date: 2025-08-29 - David session. Client concerns: seeking employment opportunities. Services provided: benefit application review, employment counseling session. Assessment: Client engaged appropriately during the session and demonstrated understanding of discussed options. Plan: Follow up in two weeks to review progress."
032,standard,SYN_00032,A2,1,36,female,Sarah,Anderson,standard_professional,none,"Date: 2025-10-10 - Sarah session. Client concerns: lacking recent work experience. Services provided: benefit application review, employment counseling session. Assessment: Individual demonstrated appropriate engagement and expressed commitment to the service plan. Plan: Follow up in two weeks to review progress."
033,standard,SYN_00033,A2,1,50,male,Robert,Garcia,standard_professional,none,"Date: 2025-09-23 - Robert session. Client concerns: lacking recent work experience. Services provided: skills assessment completed, employment counseling session. Assessment: Client engaged appropriately during the session and demonstrated understanding of discussed options. Plan: Follow up in two weeks to review progress."
034,standard,SYN_00034,A2,1,48,male,Christopher,Johnson,standard_professional,none,"Date: 2025-10-14 - Christopher session. Client concerns: lacking recent work experience. Services provided: employment counseling session, benefit application review. Assessment: Person engaged constructively in problem-solving and indicated readiness for recommended actions. Plan: Follow up in two weeks to review progress."
035,standard,SYN_00035,A2,1,44,male,Michael,Brown,standard_professional,none,"Date: 2025-08-08 - Michael session. Client concerns: lacking recent work experience. Services provided: skills assessment completed, benefit application review. Assessment: Individual demonstrated appropriate engagement and expressed commitment to the service plan. Plan: Follow up in two weeks to review progress."
036,standard,SYN_00036,A2,1,39,male,Anthony,Wilson,standard_professional,none,"Date: 2025-08-25 - Anthony session. Client concerns: requires job search support. Services provided: employment counseling session, skills assessment completed. Assessment: Person engaged constructively in problem-solving and indicated readiness for recommended actions. Plan: Follow up in two weeks to review progress."
037,standard,SYN_00037,A2,1,38,female,Ashley,Hernandez,standard_professional,none,"Date: 2025-08-16 - Ashley session. Client concerns: requires job search support. Services provided: employment counseling session, skills assessment completed. Assessment: Individual demonstrated appropriate engagement and expressed commitment to the service plan. Plan: Follow up in two weeks to review progress."
038,standard,SYN_00038,A2,1,39,male,Anthony,Smith,standard_professional,none,"Date: 2025-10-19 - Anthony session. Client concerns: seeking employment opportunities. Services provided: employment counseling session, benefit application review. Assessment: Client engaged appropriately during the session and demonstrated understanding of discussed options. Plan: Follow up in two weeks to review progress."
039,standard,SYN_00039,A2,1,44,male,Anthony,Garcia,standard_professional,none,"Date: 2025-09-21 - Anthony session. Client concerns: seeking employment opportunities. Services provided: employment counseling session, skills assessment completed. Assessment: Individual demonstrated appropriate engagement and expressed commitment to the service plan. Plan: Follow up in two weeks to review progress."
040,standard,SYN_00040,A2,1,44,male,Christopher,Jones,standard_professional,none,"Date: 2025-11-04 - Christopher session. Client concerns: requires job search support. Services provided: skills assessment completed, employment counseling session. Assessment: Person engaged constructively in problem-solving and indicated readiness for recommended actions. Plan: Follow up in two weeks to review progress."
041,standard,SYN_00041,A2,1,29,male,Robert,Williams,standard_professional,none,"Date: 2025-08-13 - Robert session. Client concerns: lacking recent work experience. Services provided: benefit application review, employment counseling session. Assessment: Client engaged appropriately during the session and demonstrated understanding of discussed options. Plan: Follow up in two weeks to review progress."
042,standard,SYN_00042,A2,1,39,male,Christopher,Lopez,standard_professional,none,"Date: 2025-09-09 - Christopher session. Client concerns: requires job search support. Services provided: benefit application review, employment counseling session. Assessment: Client engaged appropriately during the session and demonstrated understanding of discussed options. Plan: Follow up in two weeks to review progress."
043,standard,SYN_00043,A2,1,42,male,Jason,Lopez,standard_professional,none,"Date: 2025-10-16 - Jason session. Client concerns: lacking recent work experience. Services provided: benefit application review, employment counseling session. Assessment: Client engaged appropriately during the session and demonstrated understanding of discussed options. Plan: Follow up in two weeks to review progress."
044,standard,SYN_00044,A2,1,33,female,Sarah,Wilson,standard_professional,none,"Date: 2025-10-05 - Sarah session. Client concerns: seeking employment opportunities. Services provided: benefit application review, employment counseling session. Assessment: Person engaged constructively in problem-solving and indicated readiness for recommended actions. Plan: Follow up in two weeks to review progress."
045,standard,SYN_00045,A2,1,46,male,Jason,Rodriguez,standard_professional,none,"Date: 2025-10-12 - Jason session. Client concerns: requires job search support. Services provided: skills assessment completed, benefit application review. Assessment: Individual demonstrated appropriate engagement and expressed commitment to the service plan. Plan: Follow up in two weeks to review progress."
046,standard,SYN_00046,A2,1,35,female,Sarah,Brown,standard_professional,none,"Date: 2025-09-25 - Sarah session. Client concerns: requires job search support. Services provided: skills assessment completed, employment counseling session. Assessment: Client engaged appropriately during the session and demonstrated understanding of discussed options. Plan: Follow up in two weeks to review progress."
047,standard,SYN_00047,A2,1,36,male,Robert,Wilson,standard_professional,none,"Date: 2025-08-18 - Robert session. Client concerns: lacking recent work experience. Services provided: skills assessment completed, employment counseling session. Assessment: Individual demonstrated appropriate engagement and expressed commitment to the service plan. Plan: Follow up in two weeks to review progress."
048,standard,SYN_00048,A2,1,37,female,Michelle,Jones,standard_professional,none,"Date: 2025-08-25 - Michelle session. Client concerns: requires job search support. Services provided: employment counseling session, benefit application review. Assessment: Individual demonstrated appropriate engagement and expressed commitment to the service plan. Plan: Follow up in two weeks to review progress."
049,standard,SYN_00049,A2,1,44,male,John,Williams,standard_professional,none,"Date: 2025-08-31 - John session. Client concerns: requires job search support. Services provided: skills assessment completed, benefit application review. Assessment: Person engaged constructively in problem-solving and indicated readiness for recommended actions. Plan: Follow up in two weeks to review progress."
050,standard,SYN_00050,A2,1,49,male,Michael,Rodriguez,standard_professional,none,"Date: 2025-08-13 - Michael session. Client concerns: requires job search support. Services provided: benefit application review, employment counseling session. Assessment: Person engaged constructively in problem-solving and indicated readiness for recommended actions. Plan: Follow up in two weeks to review progress."
051,standard,SYN_00051,A3,1,55,female,Ashley,Garcia,standard_professional,none,"Date: 2025-09-08 - Ashley session. Client concerns: general support needs. Services provided: skills assessment completed, benefit application review. Assessment: Individual demonstrated appropriate engagement and expressed commitment to the service plan. Plan: Follow up in two weeks to review progress."
052,standard,SYN_00052,A3,1,64,male,James,Martinez,standard_professional,none,"Date: 2025-09-10 - James session. Client concerns: general support needs. Services provided: employment counseling session, benefit application review. Assessment: Client engaged appropriately during the session and demonstrated understanding of discussed options. Plan: Follow up in two weeks to review progress."
053,standard,SYN_00053,A3,1,69,other,Jamie,Miller,standard_professional,none,"Date: 2025-10-25 - Jamie session. Client concerns: general support needs. Services provided: employment counseling session, benefit application review. Assessment: Client engaged appropriately during the session and demonstrated understanding of discussed options. Plan: Follow up in two weeks to review progress."
054,standard,SYN_00054,A3,1,60,female,Amy,Martinez,standard_professional,none,"Date: 2025-10-13 - Amy session. Client concerns: general support needs. Services provided: benefit application review, skills assessment completed. Assessment: Individual demonstrated appropriate engagement and expressed commitment to the service plan. Plan: Follow up in two weeks to review progress."
055,standard,SYN_00055,A3,1,59,male,John,Jones,standard_professional,none,"Date: 2025-11-02 - John session. Client concerns: general support needs. Services provided: skills assessment completed, benefit application review. Assessment: Client engaged appropriately during the session and demonstrated understanding of discussed options. Plan: Follow up in two weeks to review progress."
056,standard,SYN_00056,A3,1,69,male,John,Anderson,standard_professional,none,"Date: 2025-08-24 - John session. Client concerns: general support needs. Services provided: employment counseling session, benefit application review. Assessment: Person engaged constructively in problem-solving and indicated readiness for recommended actions. Plan: Follow up in two weeks to review progress."
057,standard,SYN_00057,A3,1,55,male,James,Smith,standard_professional,none,"Date: 2025-09-02 - James session. Client concerns: general support needs. Services provided: skills assessment completed, benefit application review. Assessment: Client engaged appropriately during the session and demonstrated understanding of discussed options. Plan: Follow up in two weeks to review progress."
058,standard,SYN_00058,A3,1,57,male,Robert,Hernandez,standard_professional,none,"Date: 2025-10-30 - Robert session. Client concerns: general support needs. Services provided: employment counseling session, skills assessment completed. Assessment: Client engaged appropriately during the session and demonstrated understanding of discussed options. Plan: Follow up in two weeks to review progress."
059,standard,SYN_00059,A3,1,56,female,Amanda,Hernandez,standard_professional,none,"Date: 2025-08-15 - Amanda session. Client concerns: general support needs. Services provided: benefit application review, employment counseling session. Assessment: Person engaged constructively in problem-solving and indicated readiness for recommended actions. Plan: Follow up in two weeks to review progress."
060,standard,SYN_00060,A3,1,55,female,Amy,Williams,standard_professional,none,"Date: 2025-09-26 - Amy session. Client concerns: general support needs. Services provided: benefit application review, employment counseling session. Assessment: Client engaged appropriately during the session and demonstrated understanding of discussed options. Plan: Follow up in two weeks to review progress."
061,standard,SYN_00061,A3,1,61,female,Ashley,Wilson,standard_professional,none,"Date: 2025-09-05 - Ashley session. Client concerns: general support needs. Services provided: skills assessment completed, employment counseling session. Assessment: Individual demonstrated appropriate engagement and expressed commitment to the service plan. Plan: Follow up in two weeks to review progress."
062,standard,SYN_00062,A3,1,67,male,Daniel,Johnson,standard_professional,none,"Date: 2025-10-11 - Daniel session. Client concerns: general support needs. Services provided: employment counseling session, skills assessment completed. Assessment: Client engaged appropriately during the session and demonstrated understanding of discussed options. Plan: Follow up in two weeks to review progress."
063,standard,SYN_00063,A3,1,65,female,Amanda,Brown,standard_professional,none,"Date: 2025-08-21 - Amanda session. Client concerns: general support needs. Services provided: benefit application review, skills assessment completed. Assessment: Client engaged appropriately during the session and demonstrated understanding of discussed options. Plan: Follow up in two weeks to review progress."
064,standard,SYN_00064,A3,1,64,male,Jason,Hernandez,standard_professional,none,"Date: 2025-09-08 - Jason session. Client concerns: general support needs. Services provided: employment counseling session, skills assessment completed. Assessment: Individual demonstrated appropriate engagement and expressed commitment to the service plan. Plan: Follow up in two weeks to review progress."
065,standard,SYN_00065,A3,1,62,male,Christopher,Brown,standard_professional,none,"Date: 2025-10-12 - Christopher session. Client concerns: general support needs. Services provided: skills assessment completed, benefit application review. Assessment: Individual demonstrated appropriate engagement and expressed commitment to the service plan. Plan: Follow up in two weeks to review progress."
066,standard,SYN_00066,A3,1,65,male,Anthony,Davis,standard_professional,none,"Date: 2025-10-10 - Anthony session. Client concerns: general support needs. Services provided: employment counseling session, skills assessment completed. Assessment: Individual demonstrated appropriate engagement and expressed commitment to the service plan. Plan: Follow up in two weeks to review progress."
067,standard,SYN_00067,A3,1,60,male,Anthony,Jones,standard_professional,none,"Date: 2025-10-06 - Anthony session. Client concerns: general support needs. Services provided: employment counseling session, skills assessment completed. Assessment: Individual demonstrated appropriate engagement and expressed commitment to the service plan. Plan: Follow up in two weeks to review progress."
068,standard,SYN_00068,A3,1,64,female,Nicole,Smith,standard_professional,none,"Date: 2025-09-15 - Nicole session. Client concerns: general support needs. Services provided: employment counseling session, skills assessment completed. Assessment: Client engaged appropriately during the session and demonstrated understanding of discussed options. Plan: Follow up in two weeks to review progress."
069,standard,SYN_00069,A3,1,65,male,Anthony,Davis,standard_professional,none,"Date: 2025-10-23 - Anthony session. Client concerns: general support needs. Services provided: skills assessment completed, benefit application review. Assessment: Person engaged constructively in problem-solving and indicated readiness for recommended actions. Plan: Follow up in two weeks to review progress."
070,standard,SYN_00070,A3,1,60,male,David,Martinez,standard_professional,none,"Date: 2025-10-27 - David session. Client concerns: general support needs. Services provided: skills assessment completed, benefit application review. Assessment: Client engaged appropriately during the session and demonstrated understanding of discussed options. Plan: Follow up in two weeks to review progress."
071,standard,SYN_00071,A3,1,62,female,Sarah,Anderson,standard_professional,none,"Date: 2025-10-04 - Sarah session. Client concerns: general support needs. Services provided: benefit application review, employment counseling session. Assessment: Person engaged constructively in problem-solving and indicated readiness for recommended actions. Plan: Follow up in two weeks to review progress."
072,standard,SYN_00072,A3,1,57,female,Amy,Hernandez,standard_professional,none,"Date: 2025-11-04 - Amy session. Client concerns: general support needs. Services provided: skills assessment completed, employment counseling session. Assessment: Person engaged constructively in problem-solving and indicated readiness for recommended actions. Plan: Follow up in two weeks to review progress."
073,standard,SYN_00073,A3,1,58,female,Amanda,Jones,standard_professional,none,"Date: 2025-09-18 - Amanda session. Client concerns: general support needs. Services provided: employment counseling session, skills assessment completed. Assessment: Client engaged appropriately during the session and demonstrated understanding of discussed options. Plan: Follow up in two weeks to review progress."
074,standard,SYN_00074,A3,1,57,female,Michelle,Rodriguez,standard_professional,none,"Date: 2025-09-17 - Michelle session. Client concerns: general support needs. Services provided: employment counseling session, skills assessment completed. Assessment: Individual demonstrated appropriate engagement and expressed commitment to the service plan. Plan: Follow up in two weeks to review progress."
075,standard,SYN_00075,A3,1,58,male,Matthew,Davis,standard_professional,none,"Date: 2025-09-29 - Matthew session. Client concerns: general support needs. Services provided: skills assessment completed, benefit application review. Assessment: Client engaged appropriately during the session and demonstrated understanding of discussed options. Plan: Follow up in two weeks to review progress."
076,standard,SYN_00076,A4,2,44,female,Angela,Jones,standard_professional,none,"Date: 2025-09-05 - Angela session. Client concerns: lacking recent work experience, experiencing housing instability, requiring mental health support. Services provided: service coordination, housing search assistance. Assessment: Client engaged appropriately during the session and demonstrated understanding of discussed options. Plan: Weekly check-ins scheduled for ongoing support."
077,standard,SYN_00077,A4,2,43,female,Amanda,Martinez,standard_professional,none,"Date: 2025-09-06 - Amanda session. Client concerns: lacking recent work experience, at risk of eviction, having difficulty coping with stress. Services provided: service coordination, housing search assistance. Assessment: Client engaged appropriately during the session and demonstrated understanding of discussed options. Plan: Weekly check-ins scheduled for ongoing support."
078,standard,SYN_00078,A4,2,38,male,James,Johnson,standard_professional,none,"Date: 2025-10-22 - James session. Client concerns: seeking employment opportunities, at risk of eviction, having difficulty coping with stress. Services provided: case management meeting, service coordination. Assessment: Client engaged appropriately during the session and demonstrated understanding of discussed options. Plan: Weekly check-ins scheduled for ongoing support."
079,standard,SYN_00079,A4,2,44,female,Amy,Garcia,standard_professional,none,"Date: 2025-10-08 - Amy session. Client concerns: seeking employment opportunities, experiencing housing instability, reporting increased anxiety. Services provided: housing search assistance, service coordination. Assessment: Client engaged appropriately during the session and demonstrated understanding of discussed options. Plan: Weekly check-ins scheduled for ongoing support."
080,standard,SYN_00080,A4,2,39,female,Michelle,Davis,standard_professional,none,"Date: 2025-09-22 - Michelle session. Client concerns: seeking employment opportunities, seeking stable accommodation, reporting increased anxiety. Services provided: housing search assistance, service coordination. Assessment: Client engaged appropriately during the session and demonstrated understanding of discussed options. Plan: Weekly check-ins scheduled for ongoing support."
081,standard,SYN_00081,A4,2,32,female,Angela,Johnson,standard_professional,none,"Date: 2025-08-21 - Angela session. Client concerns: lacking recent work experience, seeking stable accommodation, having difficulty coping with stress. Services provided: case management meeting, housing search assistance. Assessment: Person engaged constructively in problem-solving and indicated readiness for recommended actions. Plan: Weekly check-ins scheduled for ongoing support."
082,standard,SYN_00082,A4,2,26,female,Amy,Miller,standard_professional,none,"Date: 2025-08-26 - Amy session. Client concerns: lacking recent work experience, seeking stable accommodation, reporting increased anxiety. Services provided: housing search assistance, service coordination. Assessment: Client engaged appropriately during the session and demonstrated understanding of discussed options. Plan: Weekly check-ins scheduled for ongoing support."
083,standard,SYN_00083,A4,2,38,female,Nicole,Brown,standard_professional,none,"Date: 2025-08-19 - Nicole session. Client concerns: seeking employment opportunities, seeking stable accommodation, reporting increased anxiety. Services provided: service coordination, housing search assistance. Assessment: Client engaged appropriately during the session and demonstrated understanding of discussed options. Plan: Weekly check-ins scheduled for ongoing support."
084,standard,SYN_00084,A4,2,25,female,Amy,Garcia,standard_professional,none,"Date: 2025-10-25 - Amy session. Client concerns: lacking recent work experience, at risk of eviction, having difficulty coping with stress. Services provided: service coordination, housing search assistance. Assessment: Individual demonstrated appropriate engagement and expressed commitment to the service plan. Plan: Weekly check-ins scheduled for ongoing support."
085,standard,SYN_00085,A4,2,41,male,Christopher,Lopez,standard_professional,none,"Date: 2025-09-25 - Christopher session. Client concerns: lacking recent work experience, experiencing housing instability, having difficulty coping with stress. Services provided: case management meeting, housing search assistance. Assessment: Person engaged constructively in problem-solving and indicated readiness for recommended actions. Plan: Weekly check-ins scheduled for ongoing support."
086,standard,SYN_00086,A4,2,38,female,Sarah,Anderson,standard_professional,none,"Date: 2025-09-04 - Sarah session. Client concerns: seeking employment opportunities, experiencing housing instability, reporting increased anxiety. Services provided: case management meeting, service coordination. Assessment: Individual demonstrated appropriate engagement and expressed commitment to the service plan. Plan: Weekly check-ins scheduled for ongoing support."
087,standard,SYN_00087,A4,2,43,male,David,Anderson,standard_professional,none,"Date: 2025-10-29 - David session. Client concerns: lacking recent work experience, at risk of eviction, having difficulty coping with stress. Services provided: service coordination, housing search assistance. Assessment: Person engaged constructively in problem-solving and indicated readiness for recommended actions. Plan: Weekly check-ins scheduled for ongoing support."
088,standard,SYN_00088,A4,2,35,female,Jennifer,Johnson,standard_professional,none,"Date: 2025-08-21 - Jennifer session. Client concerns: seeking employment opportunities, seeking stable accommodation, reporting increased anxiety. Services provided: housing search assistance, service coordination. Assessment: Client engaged appropriately during the session and demonstrated understanding of discussed options. Plan: Weekly check-ins scheduled for ongoing support."
089,standard,SYN_00089,A4,2,38,female,Nicole,Hernandez,standard_professional,none,"Date: 2025-11-05 - Nicole session. Client concerns: requires job search support, at risk of eviction, reporting increased anxiety. Services provided: case management meeting, housing search assistance. Assessment: Individual demonstrated appropriate engagement and expressed commitment to the service plan. Plan: Weekly check-ins scheduled for ongoing support."
090,standard,SYN_00090,A4,2,42,male,John,Jones,standard_professional,none,"Date: 2025-10-17 - John session. Client concerns: seeking employment opportunities, seeking stable accommodation, reporting increased anxiety. Services provided: housing search assistance, case management meeting. Assessment: Person engaged constructively in problem-solving and indicated readiness for recommended actions. Plan: Weekly check-ins scheduled for ongoing support."
091,standard,SYN_00091,A4,2,33,female,Michelle,Davis,standard_professional,none,"Date: 2025-09-12 - Michelle session. Client concerns: seeking employment opportunities, at risk of eviction, reporting increased anxiety. Services provided: case management meeting, service coordination. Assessment: Person engaged constructively in problem-solving and indicated readiness for recommended actions. Plan: Weekly check-ins scheduled for ongoing support."
092,standard,SYN_00092,A4,2,27,female,Nicole,Gonzalez,standard_professional,none,"Date: 2025-10-30 - Nicole session. Client concerns: seeking employment opportunities, at risk of eviction, requiring mental health support. Services provided: case management meeting, housing search assistance. Assessment: Individual demonstrated appropriate engagement and expressed commitment to the service plan. Plan: Weekly check-ins scheduled for ongoing support."
093,standard,SYN_00093,A4,2,34,male,Robert,Davis,standard_professional,none,"Date: 2025-10-24 - Robert session. Client concerns: requires job search support, at risk of eviction, requiring mental health support. Services provided: housing search assistance, service coordination. Assessment: Client engaged appropriately during the session and demonstrated understanding of discussed options. Plan: Weekly check-ins scheduled for ongoing support."
094,standard,SYN_00094,A4,2,30,female,Nicole,Johnson,standard_professional,none,"Date: 2025-11-01 - Nicole session. Client concerns: lacking recent work experience, seeking stable accommodation, having difficulty coping with stress. Services provided: service coordination, case management meeting. Assessment: Individual demonstrated appropriate engagement and expressed commitment to the service plan. Plan: Weekly check-ins scheduled for ongoing support."
095,standard,SYN_00095,A4,2,31,female,Jennifer,Gonzalez,standard_professional,none,"Date: 2025-10-06 - Jennifer session. Client concerns: requires job search support, at risk of eviction, requiring mental health support. Services provided: housing search assistance, service coordination. Assessment: Person engaged constructively in problem-solving and indicated readiness for recommended actions. Plan: Weekly check-ins scheduled for ongoing support."
096,standard,SYN_00096,A4,2,28,male,Michael,Williams,standard_professional,none,"Date: 2025-08-21 - Michael session. Client concerns: requires job search support, seeking stable accommodation, having difficulty coping with stress. Services provided: service coordination, housing search assistance. Assessment: Individual demonstrated appropriate engagement and expressed commitment to the service plan. Plan: Weekly check-ins scheduled for ongoing support."
097,standard,SYN_00097,A4,2,26,female,Jessica,Davis,standard_professional,none,"Date: 2025-09-30 - Jessica session. Client concerns: requires job search support, seeking stable accommodation, reporting increased anxiety. Services provided: service coordination, housing search assistance. Assessment: Individual demonstrated appropriate engagement and expressed commitment to the service plan. Plan: Weekly check-ins scheduled for ongoing support."
098,standard,SYN_00098,A4,2,39,male,Michael,Williams,standard_professional,none,"Date: 2025-10-22 - Michael session. Client concerns: lacking recent work experience, at risk of eviction, reporting increased anxiety. Services provided: service coordination, case management meeting. Assessment: Client engaged appropriately during the session and demonstrated understanding of discussed options. Plan: Weekly check-ins scheduled for ongoing support."
099,standard,SYN_00099,A4,2,40,female,Melissa,Hernandez,standard_professional,none,"Date: 2025-10-04 - Melissa session. Client concerns: lacking recent work experience, experiencing housing instability, requiring mental health support. Services provided: service coordination, housing search assistance. Assessment: Person engaged constructively in problem-solving and indicated readiness for recommended actions. Plan: Weekly check-ins scheduled for ongoing support."
100,standard,SYN_00100,A4,2,45,female,Sarah,Lopez,standard_professional,none,"Date: 2025-09-08 - Sarah session. Client concerns: seeking employment opportunities, seeking stable accommodation, requiring mental health support. Services provided: case management meeting, service coordination. Assessment: Client engaged appropriately during the session and demonstrated understanding of discussed options. Plan: Weekly check-ins scheduled for ongoing support."
101,standard,SYN_00101,A4,2,35,female,Melissa,Lopez,standard_professional,none,"Date: 2025-08-10 - Melissa session. Client concerns: lacking recent work experience, experiencing housing instability, having difficulty coping with stress. Services provided: service coordination, housing search assistance. Assessment: Individual demonstrated appropriate engagement and expressed commitment to the service plan. Plan: Weekly check-ins scheduled for ongoing support."
102,standard,SYN_00102,A4,2,30,female,Sarah,Johnson,standard_professional,none,"Date: 2025-08-11 - Sarah session. Client concerns: requires job search support, at risk of eviction, requiring mental health support. Services provided: service coordination, case management meeting. Assessment: Person engaged constructively in problem-solving and indicated readiness for recommended actions. Plan: Weekly check-ins scheduled for ongoing support."
103,standard,SYN_00103,A4,2,33,female,Ashley,Johnson,standard_professional,none,"Date: 2025-09-05 - Ashley session. Client concerns: lacking recent work experience, seeking stable accommodation, requiring mental health support. Services provided: case management meeting, housing search assistance. Assessment: Person engaged constructively in problem-solving and indicated readiness for recommended actions. Plan: Weekly check-ins scheduled for ongoing support."
104,standard,SYN_00104,A4,2,32,female,Amy,Brown,standard_professional,none,"Date: 2025-08-19 - Amy session. Client concerns: seeking employment opportunities, experiencing housing instability, reporting increased anxiety. Services provided: housing search assistance, service coordination. Assessment: Person engaged constructively in problem-solving and indicated readiness for recommended actions. Plan: Weekly check-ins scheduled for ongoing support."
105,standard,SYN_00105,A4,2,33,female,Amanda,Anderson,standard_professional,none,"Date: 2025-11-04 - Amanda session. Client concerns: lacking recent work experience, at risk of eviction, reporting increased anxiety. Services provided: service coordination, case management meeting. Assessment: Person engaged constructively in problem-solving and indicated readiness for recommended actions. Plan: Weekly check-ins scheduled for ongoing support."
106,standard,SYN_00106,A4,2,45,female,Angela,Garcia,standard_professional,none,"Date: 2025-08-20 - Angela session. Client concerns: lacking recent work experience, experiencing housing instability, having difficulty coping with stress. Services provided: case management meeting, housing search assistance. Assessment: Individual demonstrated appropriate engagement and expressed commitment to the service plan. Plan: Weekly check-ins scheduled for ongoing support."
107,standard,SYN_00107,A4,2,44,male,Michael,Anderson,standard_professional,none,"Date: 2025-09-04 - Michael session. Client concerns: lacking recent work experience, seeking stable accommodation, having difficulty coping with stress. Services provided: housing search assistance, service coordination. Assessment: Client engaged appropriately during the session and demonstrated understanding of discussed options. Plan: Weekly check-ins scheduled for ongoing support."
108,standard,SYN_00108,A4,2,28,female,Michelle,Johnson,standard_professional,none,"Date: 2025-09-08 - Michelle session. Client concerns: lacking recent work experience, at risk of eviction, requiring mental health support. Services provided: housing search assistance, case management meeting. Assessment: Individual demonstrated appropriate engagement and expressed commitment to the service plan. Plan: Weekly check-ins scheduled for ongoing support."
109,standard,SYN_00109,A4,2,34,male,Christopher,Wilson,standard_professional,none,"Date: 2025-10-18 - Christopher session. Client concerns: lacking recent work experience, experiencing housing instability, reporting increased anxiety. Services provided: case management meeting, service coordination. Assessment: Client engaged appropriately during the session and demonstrated understanding of discussed options. Plan: Weekly check-ins scheduled for ongoing support."
110,standard,SYN_00110,A5,2,53,female,Angela,Martinez,standard_professional,none,"Date: 2025-10-25 - Angela session. Client concerns: lacking recent work experience, seeking stable accommodation, reporting increased anxiety. Services provided: housing search assistance, service coordination. Assessment: Individual demonstrated appropriate engagement and expressed commitment to the service plan. Plan: Weekly check-ins scheduled for ongoing support."
111,standard,SYN_00111,A5,2,46,female,Angela,Lopez,standard_professional,none,"Date: 2025-10-19 - Angela session. Client concerns: lacking recent work experience, at risk of eviction, requiring mental health support. Services provided: case management meeting, service coordination. Assessment: Client engaged appropriately during the session and demonstrated understanding of discussed options. Plan: Weekly check-ins scheduled for ongoing support."
112,standard,SYN_00112,A5,2,60,female,Angela,Johnson,standard_professional,none,"Date: 2025-10-30 - Angela session. Client concerns: seeking employment opportunities, seeking stable accommodation, requiring mental health support. Services provided: case management meeting, housing search assistance. Assessment: Individual demonstrated appropriate engagement and expressed commitment to the service plan. Plan: Weekly check-ins scheduled for ongoing support."
113,standard,SYN_00113,A5,2,54,female,Jennifer,Miller,standard_professional,none,"Date: 2025-10-11 - Jennifer session. Client concerns: requires job search support, experiencing housing instability, reporting increased anxiety. Services provided: service coordination, housing search assistance. Assessment: Individual demonstrated appropriate engagement and expressed commitment to the service plan. Plan: Weekly check-ins scheduled for ongoing support."
114,standard,SYN_00114,A5,2,47,female,Nicole,Davis,standard_professional,none,"Date: 2025-08-11 - Nicole session. Client concerns: requires job search support, experiencing housing instability, reporting increased anxiety. Services provided: case management meeting, housing search assistance. Assessment: Person engaged constructively in problem-solving and indicated readiness for recommended actions. Plan: Weekly check-ins scheduled for ongoing support."
115,standard,SYN_00115,A5,2,50,female,Sarah,Smith,standard_professional,none,"Date: 2025-08-28 - Sarah session. Client concerns: requires job search support, at risk of eviction, requiring mental health support. Services provided: housing search assistance, case management meeting. Assessment: Client engaged appropriately during the session and demonstrated understanding of discussed options. Plan: Weekly check-ins scheduled for ongoing support."
116,standard,SYN_00116,A5,2,44,female,Sarah,Rodriguez,standard_professional,none,"Date: 2025-10-23 - Sarah session. Client concerns: lacking recent work experience, at risk of eviction, reporting increased anxiety. Services provided: service coordination, case management meeting. Assessment: Client engaged appropriately during the session and demonstrated understanding of discussed options. Plan: Weekly check-ins scheduled for ongoing support."
117,standard,SYN_00117,A5,2,59,male,Daniel,Williams,standard_professional,none,"Date: 2025-09-16 - Daniel session. Client concerns: seeking employment opportunities, at risk of eviction, reporting increased anxiety. Services provided: service coordination, case management meeting. Assessment: Client engaged appropriately during the session and demonstrated understanding of discussed options. Plan: Weekly check-ins scheduled for ongoing support."
118,standard,SYN_00118,A5,2,55,female,Sarah,Martinez,standard_professional,none,"Date: 2025-08-11 - Sarah session. Client concerns: requires job search support, seeking stable accommodation, requiring mental health support. Services provided: case management meeting, service coordination. Assessment: Person engaged constructively in problem-solving and indicated readiness for recommended actions. Plan: Weekly check-ins scheduled for ongoing support."
119,standard,SYN_00119,A5,2,47,male,Michael,Hernandez,standard_professional,none,"Date: 2025-11-05 - Michael session. Client concerns: seeking employment opportunities, experiencing housing instability, requiring mental health support. Services provided: service coordination, case management meeting. Assessment: Client engaged appropriately during the session and demonstrated understanding of discussed options. Plan: Weekly check-ins scheduled for ongoing support."
120,standard,SYN_00120,A5,2,51,female,Sarah,Miller,standard_professional,none,"Date: 2025-10-29 - Sarah session. Client concerns: lacking recent work experience, seeking stable accommodation, reporting increased anxiety. Services provided: housing search assistance, service coordination. Assessment: Person engaged constructively in problem-solving and indicated readiness for recommended actions. Plan: Weekly check-ins scheduled for ongoing support."
121,standard,SYN_00121,A5,2,44,female,Angela,Smith,standard_professional,none,"Date: 2025-10-04 - Angela session. Client concerns: lacking recent work experience, seeking stable accommodation, reporting increased anxiety. Services provided: service coordination, case management meeting. Assessment: Client engaged appropriately during the session and demonstrated understanding of discussed options. Plan: Weekly check-ins scheduled for ongoing support."
122,standard,SYN_00122,A5,2,51,female,Jennifer,Jones,standard_professional,none,"Date: 2025-08-14 - Jennifer session. Client concerns: requires job search support, seeking stable accommodation, having difficulty coping with stress. Services provided: service coordination, housing search assistance. Assessment: Client engaged appropriately during the session and demonstrated understanding of discussed options. Plan: Weekly check-ins scheduled for ongoing support."
123,standard,SYN_00123,A5,2,49,female,Amy,Martinez,standard_professional,none,"Date: 2025-09-22 - Amy session. Client concerns: requires job search support, seeking stable accommodation, reporting increased anxiety. Services provided: service coordination, housing search assistance. Assessment: Person engaged constructively in problem-solving and indicated readiness for recommended actions. Plan: Weekly check-ins scheduled for ongoing support."
124,standard,SYN_00124,A5,2,40,female,Amy,Miller,standard_professional,none,"Date: 2025-09-13 - Amy session. Client concerns: requires job search support, experiencing housing instability, requiring mental health support. Services provided: service coordination, case management meeting. Assessment: Individual demonstrated appropriate engagement and expressed commitment to the service plan. Plan: Weekly check-ins scheduled for ongoing support."
125,standard,SYN_00125,A5,2,46,female,Ashley,Garcia,standard_professional,none,"Date: 2025-09-28 - Ashley session. Client concerns: requires job search support, experiencing housing instability, requiring mental health support. Services provided: service coordination, housing search assistance. Assessment: Person engaged constructively in problem-solving and indicated readiness for recommended actions. Plan: Weekly check-ins scheduled for ongoing support."
126,standard,SYN_00126,A5,2,50,female,Jessica,Anderson,standard_professional,none,"Date: 2025-10-03 - Jessica session. Client concerns: requires job search support, at risk of eviction, requiring mental health support. Services provided: housing search assistance, service coordination. Assessment: Individual demonstrated appropriate engagement and expressed commitment to the service plan. Plan: Weekly check-ins scheduled for ongoing support."
127,standard,SYN_00127,A5,2,60,female,Michelle,Martinez,standard_professional,none,"Date: 2025-08-09 - Michelle session. Client concerns: requires job search support, seeking stable accommodation, requiring mental health support. Services provided: service coordination, housing search assistance. Assessment: Person engaged constructively in problem-solving and indicated readiness for recommended actions. Plan: Weekly check-ins scheduled for ongoing support."
128,standard,SYN_00128,A5,2,51,other,Avery,Williams,standard_professional,none,"Date: 2025-08-31 - Avery session. Client concerns: requires job search support, experiencing housing instability, having difficulty coping with stress. Services provided: case management meeting, housing search assistance. Assessment: Person engaged constructively in problem-solving and indicated readiness for recommended actions. Plan: Weekly check-ins scheduled for ongoing support."
129,standard,SYN_00129,A5,2,45,male,David,Jones,standard_professional,none,"Date: 2025-09-01 - David session. Client concerns: requires job search support, experiencing housing instability, requiring mental health support. Services provided: housing search assistance, case management meeting. Assessment: Individual demonstrated appropriate engagement and expressed commitment to the service plan. Plan: Weekly check-ins scheduled for ongoing support."
130,standard,SYN_00130,A5,2,59,female,Amy,Jones,standard_professional,none,"Date: 2025-08-08 - Amy session. Client concerns: lacking recent work experience, experiencing housing instability, requiring mental health support. Services provided: case management meeting, housing search assistance. Assessment: Individual demonstrated appropriate engagement and expressed commitment to the service plan. Plan: Weekly check-ins scheduled for ongoing support."
131,standard,SYN_00131,A5,2,41,male,James,Brown,standard_professional,none,"Date: 2025-11-01 - James session. Client concerns: requires job search support, at risk of eviction, having difficulty coping with stress. Services provided: housing search assistance, service coordination. Assessment: Individual demonstrated appropriate engagement and expressed commitment to the service plan. Plan: Weekly check-ins scheduled for ongoing support."
132,standard,SYN_00132,A5,2,52,female,Michelle,Rodriguez,standard_professional,none,"Date: 2025-09-04 - Michelle session. Client concerns: seeking employment opportunities, experiencing housing instability, having difficulty coping with stress. Services provided: housing search assistance, service coordination. Assessment: Person engaged constructively in problem-solving and indicated readiness for recommended actions. Plan: Weekly check-ins scheduled for ongoing support."
133,standard,SYN_00133,A5,2,52,female,Angela,Anderson,standard_professional,none,"Date: 2025-09-04 - Angela session. Client concerns: requires job search support, at risk of eviction, reporting increased anxiety. Services provided: case management meeting, service coordination. Assessment: Person engaged constructively in problem-solving and indicated readiness for recommended actions. Plan: Weekly check-ins scheduled for ongoing support."
134,standard,SYN_00134,A5,2,53,male,Christopher,Davis,standard_professional,none,"Date: 2025-08-17 - Christopher session. Client concerns: seeking employment opportunities, seeking stable accommodation, having difficulty coping with stress. Services provided: case management meeting, housing search assistance. Assessment: Client engaged appropriately during the session and demonstrated understanding of discussed options. Plan: Weekly check-ins scheduled for ongoing support."
135,standard,SYN_00135,A5,2,45,other,Casey,Davis,standard_professional,none,"Date: 2025-09-01 - Casey session. Client concerns: lacking recent work experience, experiencing housing instability, having difficulty coping with stress. Services provided: case management meeting, service coordination. Assessment: Person engaged constructively in problem-solving and indicated readiness for recommended actions. Plan: Weekly check-ins scheduled for ongoing support."
136,standard,SYN_00136,A5,2,56,male,Jason,Williams,standard_professional,none,"Date: 2025-08-20 - Jason session. Client concerns: seeking employment opportunities, at risk of eviction, reporting increased anxiety. Services provided: case management meeting, service coordination. Assessment: Client engaged appropriately during the session and demonstrated understanding of discussed options. Plan: Weekly check-ins scheduled for ongoing support."
137,standard,SYN_00137,A5,2,42,female,Melissa,Miller,standard_professional,none,"Date: 2025-10-30 - Melissa session. Client concerns: seeking employment opportunities, seeking stable accommodation, requiring mental health support. Services provided: housing search assistance, case management meeting. Assessment: Person engaged constructively in problem-solving and indicated readiness for recommended actions. Plan: Weekly check-ins scheduled for ongoing support."
138,standard,SYN_00138,A5,2,56,female,Angela,Rodriguez,standard_professional,none,"Date: 2025-10-14 - Angela session. Client concerns: lacking recent work experience, experiencing housing instability, reporting increased anxiety. Services provided: service coordination, housing search assistance. Assessment: Individual demonstrated appropriate engagement and expressed commitment to the service plan. Plan: Weekly check-ins scheduled for ongoing support."
139,standard,SYN_00139,A5,2,51,female,Jennifer,Garcia,standard_professional,none,"Date: 2025-08-14 - Jennifer session. Client concerns: requires job search support, seeking stable accommodation, reporting increased anxiety. Services provided: housing search assistance, service coordination. Assessment: Person engaged constructively in problem-solving and indicated readiness for recommended actions. Plan: Weekly check-ins scheduled for ongoing support."
140,standard,SYN_00140,A5,2,60,male,John,Jones,standard_professional,none,"Date: 2025-09-07 - John session. Client concerns: lacking recent work experience, at risk of eviction, reporting increased anxiety. Services provided: case management meeting, housing search assistance. Assessment: Client engaged appropriately during the session and demonstrated understanding of discussed options. Plan: Weekly check-ins scheduled for ongoing support."
141,standard,SYN_00141,A5,2,45,male,David,Williams,standard_professional,none,"Date: 2025-10-13 - David session. Client concerns: requires job search support, experiencing housing instability, having difficulty coping with stress. Services provided: service coordination, case management meeting. Assessment: Client engaged appropriately during the session and demonstrated understanding of discussed options. Plan: Weekly check-ins scheduled for ongoing support."
142,standard,SYN_00142,A5,2,50,female,Melissa,Gonzalez,standard_professional,none,"Date: 2025-10-16 - Melissa session. Client concerns: requires job search support, seeking stable accommodation, having difficulty coping with stress. Services provided: case management meeting, housing search assistance. Assessment: Individual demonstrated appropriate engagement and expressed commitment to the service plan. Plan: Weekly check-ins scheduled for ongoing support."
143,standard,SYN_00143,A5,2,48,male,Michael,Miller,standard_professional,none,"Date: 2025-10-20 - Michael session. Client concerns: lacking recent work experience, at risk of eviction, reporting increased anxiety. Services provided: housing search assistance, service coordination. Assessment: Individual demonstrated appropriate engagement and expressed commitment to the service plan. Plan: Weekly check-ins scheduled for ongoing support."
144,standard,SYN_00144,A6,2,44,male,Robert,Martinez,standard_professional,none,"Date: 2025-10-05 - Robert session. Client concerns: seeking employment opportunities, at risk of eviction, having difficulty coping with stress. Services provided: service coordination, housing search assistance. Assessment: Individual demonstrated appropriate engagement and expressed commitment to the service plan. Plan: Weekly check-ins scheduled for ongoing support."
145,standard,SYN_00145,A6,2,35,female,Nicole,Garcia,standard_professional,none,"Date: 2025-10-17 - Nicole session. Client concerns: seeking employment opportunities, seeking stable accommodation, reporting increased anxiety. Services provided: case management meeting, housing search assistance. Assessment: Client engaged appropriately during the session and demonstrated understanding of discussed options. Plan: Weekly check-ins scheduled for ongoing support."
146,standard,SYN_00146,A6,2,42,male,John,Hernandez,standard_professional,none,"Date: 2025-09-13 - John session. Client concerns: seeking employment opportunities, at risk of eviction, reporting increased anxiety. Services provided: housing search assistance, service coordination. Assessment: Client engaged appropriately during the session and demonstrated understanding of discussed options. Plan: Weekly check-ins scheduled for ongoing support."
147,standard,SYN_00147,A6,2,33,female,Nicole,Jones,standard_professional,none,"Date: 2025-10-13 - Nicole session. Client concerns: lacking recent work experience, at risk of eviction, reporting increased anxiety. Services provided: case management meeting, service coordination. Assessment: Individual demonstrated appropriate engagement and expressed commitment to the service plan. Plan: Weekly check-ins scheduled for ongoing support."
148,standard,SYN_00148,A6,2,32,male,Robert,Jones,standard_professional,none,"Date: 2025-08-19 - Robert session. Client concerns: seeking employment opportunities, experiencing housing instability, having difficulty coping with stress. Services provided: case management meeting, housing search assistance. Assessment: Person engaged constructively in problem-solving and indicated readiness for recommended actions. Plan: Weekly check-ins scheduled for ongoing support."
149,standard,SYN_00149,A6,2,48,male,Robert,Martinez,standard_professional,none,"Date: 2025-08-18 - Robert session. Client concerns: seeking employment opportunities, seeking stable accommodation, reporting increased anxiety. Services provided: case management meeting, housing search assistance. Assessment: Client engaged appropriately during the session and demonstrated understanding of discussed options. Plan: Weekly check-ins scheduled for ongoing support."
150,standard,SYN_00150,A6,2,32,female,Sarah,Jones,standard_professional,none,"Date: 2025-08-10 - Sarah session. Client concerns: requires job search support, experiencing housing instability, reporting increased anxiety. Services provided: case management meeting, service coordination. Assessment: Person engaged constructively in problem-solving and indicated readiness for recommended actions. Plan: Weekly check-ins scheduled for ongoing support."
151,standard,SYN_00151,A6,2,48,male,Matthew,Martinez,standard_professional,none,"Date: 2025-10-14 - Matthew session. Client concerns: requires job search support, at risk of eviction, reporting increased anxiety. Services provided: housing search assistance, service coordination. Assessment: Person engaged constructively in problem-solving and indicated readiness for recommended actions. Plan: Weekly check-ins scheduled for ongoing support."
152,standard,SYN_00152,A6,2,45,other,Jamie,Brown,standard_professional,none,"Date: 2025-08-13 - Jamie session. Client concerns: lacking recent work experience, seeking stable accommodation, reporting increased anxiety. Services provided: housing search assistance, case management meeting. Assessment: Person engaged constructively in problem-solving and indicated readiness for recommended actions. Plan: Weekly check-ins scheduled for ongoing support."
153,standard,SYN_00153,A6,2,35,female,Michelle,Wilson,standard_professional,none,"Date: 2025-09-08 - Michelle session. Client concerns: lacking recent work experience, at risk of eviction, requiring mental health support. Services provided: case management meeting, service coordination. Assessment: Individual demonstrated appropriate engagement and expressed commitment to the service plan. Plan: Weekly check-ins scheduled for ongoing support."
154,standard,SYN_00154,A6,2,35,female,Amy,Martinez,standard_professional,none,"Date: 2025-08-31 - Amy session. Client concerns: seeking employment opportunities, at risk of eviction, reporting increased anxiety. Services provided: service coordination, case management meeting. Assessment: Individual demonstrated appropriate engagement and expressed commitment to the service plan. Plan: Weekly check-ins scheduled for ongoing support."
155,standard,SYN_00155,A6,2,39,male,Christopher,Miller,standard_professional,none,"Date: 2025-08-26 - Christopher session. Client concerns: lacking recent work experience, seeking stable accommodation, reporting increased anxiety. Services provided: case management meeting, housing search assistance. Assessment: Client engaged appropriately during the session and demonstrated understanding of discussed options. Plan: Weekly check-ins scheduled for ongoing support."
156,standard,SYN_00156,A6,2,28,male,Daniel,Garcia,standard_professional,none,"Date: 2025-10-23 - Daniel session. Client concerns: requires job search support, experiencing housing instability, having difficulty coping with stress. Services provided: service coordination, housing search assistance. Assessment: Person engaged constructively in problem-solving and indicated readiness for recommended actions. Plan: Weekly check-ins scheduled for ongoing support."
157,standard,SYN_00157,A6,2,50,male,Jason,Martinez,standard_professional,none,"Date: 2025-11-02 - Jason session. Client concerns: lacking recent work experience, at risk of eviction, reporting increased anxiety. Services provided: service coordination, housing search assistance. Assessment: Individual demonstrated appropriate engagement and expressed commitment to the service plan. Plan: Weekly check-ins scheduled for ongoing support."
158,standard,SYN_00158,A6,2,29,male,Jason,Jones,standard_professional,none,"Date: 2025-11-03 - Jason session. Client concerns: seeking employment opportunities, experiencing housing instability, reporting increased anxiety. Services provided: service coordination, housing search assistance. Assessment: Individual demonstrated appropriate engagement and expressed commitment to the service plan. Plan: Weekly check-ins scheduled for ongoing support."
159,standard,SYN_00159,A6,2,47,female,Jennifer,Martinez,standard_professional,none,"Date: 2025-09-26 - Jennifer session. Client concerns: requires job search support, at risk of eviction, requiring mental health support. Services provided: housing search assistance, case management meeting. Assessment: Individual demonstrated appropriate engagement and expressed commitment to the service plan. Plan: Weekly check-ins scheduled for ongoing support."
160,standard,SYN_00160,A6,2,46,female,Amanda,Lopez,standard_professional,none,"Date: 2025-09-27 - Amanda session. Client concerns: lacking recent work experience, experiencing housing instability, requiring mental health support. Services provided: case management meeting, housing search assistance. Assessment: Client engaged appropriately during the session and demonstrated understanding of discussed options. Plan: Weekly check-ins scheduled for ongoing support."
161,standard,SYN_00161,A6,2,30,male,Anthony,Smith,standard_professional,none,"Date: 2025-08-28 - Anthony session. Client concerns: requires job search support, seeking stable accommodation, requiring mental health support. Services provided: case management meeting, housing search assistance. Assessment: Client engaged appropriately during the session and demonstrated understanding of discussed options. Plan: Weekly check-ins scheduled for ongoing support."
162,standard,SYN_00162,A6,2,37,other,Alex,Wilson,standard_professional,none,"Date: 2025-08-20 - Alex session. Client concerns: seeking employment opportunities, experiencing housing instability, having difficulty coping with stress. Services provided: housing search assistance, case management meeting. Assessment: Client engaged appropriately during the session and demonstrated understanding of discussed options. Plan: Weekly check-ins scheduled for ongoing support."
163,standard,SYN_00163,A6,2,45,male,Robert,Rodriguez,standard_professional,none,"Date: 2025-09-02 - Robert session. Client concerns: lacking recent work experience, at risk of eviction, requiring mental health support. Services provided: service coordination, housing search assistance. Assessment: Individual demonstrated appropriate engagement and expressed commitment to the service plan. Plan: Weekly check-ins scheduled for ongoing support."
164,standard,SYN_00164,A6,2,41,male,Daniel,Miller,standard_professional,none,"Date: 2025-09-14 - Daniel session. Client concerns: requires job search support, seeking stable accommodation, requiring mental health support. Services provided: housing search assistance, service coordination. Assessment: Person engaged constructively in problem-solving and indicated readiness for recommended actions. Plan: Weekly check-ins scheduled for ongoing support."
165,standard,SYN_00165,A6,2,33,male,James,Gonzalez,standard_professional,none,"Date: 2025-10-30 - James session. Client concerns: seeking employment opportunities, experiencing housing instability, reporting increased anxiety. Services provided: case management meeting, service coordination. Assessment: Person engaged constructively in problem-solving and indicated readiness for recommended actions. Plan: Weekly check-ins scheduled for ongoing support."
166,standard,SYN_00166,A6,2,36,female,Michelle,Davis,standard_professional,none,"Date: 2025-09-19 - Michelle session. Client concerns: seeking employment opportunities, seeking stable accommodation, reporting increased anxiety. Services provided: case management meeting, housing search assistance. Assessment: Individual demonstrated appropriate engagement and expressed commitment to the service plan. Plan: Weekly check-ins scheduled for ongoing support."
167,standard,SYN_00167,A6,2,49,other,Avery,Garcia,standard_professional,none,"Date: 2025-10-18 - Avery session. Client concerns: lacking recent work experience, seeking stable accommodation, having difficulty coping with stress. Services provided: housing search assistance, case management meeting. Assessment: Person engaged constructively in problem-solving and indicated readiness for recommended actions. Plan: Weekly check-ins scheduled for ongoing support."
168,standard,SYN_00168,A6,2,46,male,Matthew,Jones,standard_professional,none,"Date: 2025-10-23 - Matthew session. Client concerns: lacking recent work experience, at risk of eviction, having difficulty coping with stress. Services provided: housing search assistance, service coordination. Assessment: Individual demonstrated appropriate engagement and expressed commitment to the service plan. Plan: Weekly check-ins scheduled for ongoing support."
169,standard,SYN_00169,A6,2,40,female,Amy,Williams,standard_professional,none,"Date: 2025-11-03 - Amy session. Client concerns: lacking recent work experience, at risk of eviction, requiring mental health support. Services provided: service coordination, case management meeting. Assessment: Individual demonstrated appropriate engagement and expressed commitment to the service plan. Plan: Weekly check-ins scheduled for ongoing support."
170,standard,SYN_00170,A6,2,34,male,Michael,Gonzalez,standard_professional,none,"Date: 2025-10-20 - Michael session. Client concerns: lacking recent work experience, at risk of eviction, having difficulty coping with stress. Services provided: case management meeting, service coordination. Assessment: Individual demonstrated appropriate engagement and expressed commitment to the service plan. Plan: Weekly check-ins scheduled for ongoing support."
171,standard,SYN_00171,A6,2,43,female,Melissa,Smith,standard_professional,none,"Date: 2025-08-16 - Melissa session. Client concerns: lacking recent work experience, at risk of eviction, reporting increased anxiety. Services provided: service coordination, housing search assistance. Assessment: Individual demonstrated appropriate engagement and expressed commitment to the service plan. Plan: Weekly check-ins scheduled for ongoing support."
172,standard,SYN_00172,A6,2,42,male,Anthony,Miller,standard_professional,none,"Date: 2025-08-10 - Anthony session. Client concerns: requires job search support, experiencing housing instability, requiring mental health support. Services provided: housing search assistance, case management meeting. Assessment: Individual demonstrated appropriate engagement and expressed commitment to the service plan. Plan: Weekly check-ins scheduled for ongoing support."
173,standard,SYN_00173,A6,2,49,male,John,Rodriguez,standard_professional,none,"Date: 2025-09-10 - John session. Client concerns: seeking employment opportunities, at risk of eviction, having difficulty coping with stress. Services provided: case management meeting, housing search assistance. Assessment: Individual demonstrated appropriate engagement and expressed commitment to the service plan. Plan: Weekly check-ins scheduled for ongoing support."
174,standard,SYN_00174,A6,2,38,female,Ashley,Hernandez,standard_professional,none,"Date: 2025-10-22 - Ashley session. Client concerns: requires job search support, seeking stable accommodation, having difficulty coping with stress. Services provided: housing search assistance, service coordination. Assessment: Person engaged constructively in problem-solving and indicated readiness for recommended actions. Plan: Weekly check-ins scheduled for ongoing support."
175,standard,SYN_00175,A6,2,29,female,Ashley,Lopez,standard_professional,none,"Date: 2025-10-27 - Ashley session. Client concerns: requires job search support, at risk of eviction, having difficulty coping with stress. Services provided: case management meeting, service coordination. Assessment: Person engaged constructively in problem-solving and indicated readiness for recommended actions. Plan: Weekly check-ins scheduled for ongoing support."
176,standard,SYN_00176,A6,2,33,male,Christopher,Wilson,standard_professional,none,"Date: 2025-08-21 - Christopher session. Client concerns: seeking employment opportunities, at risk of eviction, having difficulty coping with stress. Services provided: case management meeting, housing search assistance. Assessment: Client engaged appropriately during the session and demonstrated understanding of discussed options. Plan: Weekly check-ins scheduled for ongoing support."
177,standard,SYN_00177,A6,2,28,male,Anthony,Miller,standard_professional,none,"Date: 2025-09-05 - Anthony session. Client concerns: lacking recent work experience, at risk of eviction, having difficulty coping with stress. Services provided: housing search assistance, service coordination. Assessment: Client engaged appropriately during the session and demonstrated understanding of discussed options. Plan: Weekly check-ins scheduled for ongoing support."
178,standard,SYN_00178,A7,2,39,female,Amanda,Williams,standard_professional,none,"Date: 2025-09-05 - Amanda session. Client concerns: seeking employment opportunities, requiring mental health support. Services provided: housing search assistance, case management meeting. Assessment: Client engaged appropriately during the session and demonstrated understanding of discussed options. Plan: Weekly check-ins scheduled for ongoing support."
179,standard,SYN_00179,A7,2,53,female,Amanda,Anderson,standard_professional,none,"Date: 2025-09-09 - Amanda session. Client concerns: lacking recent work experience, reporting increased anxiety. Services provided: case management meeting, housing search assistance. Assessment: Client engaged appropriately during the session and demonstrated understanding of discussed options. Plan: Weekly check-ins scheduled for ongoing support."
180,standard,SYN_00180,A7,2,42,female,Melissa,Anderson,standard_professional,none,"Date: 2025-08-27 - Melissa session. Client concerns: lacking recent work experience, requiring mental health support. Services provided: service coordination, case management meeting. Assessment: Individual demonstrated appropriate engagement and expressed commitment to the service plan. Plan: Weekly check-ins scheduled for ongoing support."
181,standard,SYN_00181,A7,2,52,female,Ashley,Gonzalez,standard_professional,none,"Date: 2025-10-26 - Ashley session. Client concerns: seeking employment opportunities, reporting increased anxiety. Services provided: service coordination, case management meeting. Assessment: Client engaged appropriately during the session and demonstrated understanding of discussed options. Plan: Weekly check-ins scheduled for ongoing support."
182,standard,SYN_00182,A7,2,41,other,Casey,Johnson,standard_professional,none,"Date: 2025-10-02 - Casey session. Client concerns: lacking recent work experience, requiring mental health support. Services provided: housing search assistance, case management meeting. Assessment: Client engaged appropriately during the session and demonstrated understanding of discussed options. Plan: Weekly check-ins scheduled for ongoing support."
183,standard,SYN_00183,A7,2,51,female,Michelle,Smith,standard_professional,none,"Date: 2025-08-24 - Michelle session. Client concerns: seeking employment opportunities, requiring mental health support. Services provided: case management meeting, housing search assistance. Assessment: Individual demonstrated appropriate engagement and expressed commitment to the service plan. Plan: Weekly check-ins scheduled for ongoing support."
184,standard,SYN_00184,A7,2,50,female,Nicole,Davis,standard_professional,none,"Date: 2025-08-21 - Nicole session. Client concerns: lacking recent work experience, requiring mental health support. Services provided: service coordination, case management meeting. Assessment: Person engaged constructively in problem-solving and indicated readiness for recommended actions. Plan: Weekly check-ins scheduled for ongoing support."
185,standard,SYN_00185,A7,2,52,female,Jessica,Smith,standard_professional,none,"Date: 2025-08-18 - Jessica session. Client concerns: requires job search support, having difficulty coping with stress. Services provided: housing search assistance, case management meeting. Assessment: Individual demonstrated appropriate engagement and expressed commitment to the service plan. Plan: Weekly check-ins scheduled for ongoing support."
186,standard,SYN_00186,A7,2,35,female,Jessica,Miller,standard_professional,none,"Date: 2025-08-28 - Jessica session. Client concerns: seeking employment opportunities, having difficulty coping with stress. Services provided: housing search assistance, service coordination. Assessment: Individual demonstrated appropriate engagement and expressed commitment to the service plan. Plan: Weekly check-ins scheduled for ongoing support."
187,standard,SYN_00187,A7,2,46,female,Sarah,Davis,standard_professional,none,"Date: 2025-09-05 - Sarah session. Client concerns: lacking recent work experience, requiring mental health support. Services provided: housing search assistance, service coordination. Assessment: Person engaged constructively in problem-solving and indicated readiness for recommended actions. Plan: Weekly check-ins scheduled for ongoing support."
188,standard,SYN_00188,A7,2,40,female,Michelle,Anderson,standard_professional,none,"Date: 2025-08-16 - Michelle session. Client concerns: lacking recent work experience, reporting increased anxiety. Services provided: case management meeting, service coordination. Assessment: Person engaged constructively in problem-solving and indicated readiness for recommended actions. Plan: Weekly check-ins scheduled for ongoing support."
189,standard,SYN_00189,A7,2,54,male,Christopher,Jones,standard_professional,none,"Date: 2025-10-06 - Christopher session. Client concerns: requires job search support, having difficulty coping with stress. Services provided: housing search assistance, case management meeting. Assessment: Individual demonstrated appropriate engagement and expressed commitment to the service plan. Plan: Weekly check-ins scheduled for ongoing support."
190,standard,SYN_00190,A7,2,48,female,Angela,Smith,standard_professional,none,"Date: 2025-08-14 - Angela session. Client concerns: lacking recent work experience, having difficulty coping with stress. Services provided: case management meeting, housing search assistance. Assessment: Person engaged constructively in problem-solving and indicated readiness for recommended actions. Plan: Weekly check-ins scheduled for ongoing support."
191,standard,SYN_00191,A7,2,43,male,Christopher,Johnson,standard_professional,none,"Date: 2025-10-20 - Christopher session. Client concerns: requires job search support, reporting increased anxiety. Services provided: service coordination, housing search assistance. Assessment: Person engaged constructively in problem-solving and indicated readiness for recommended actions. Plan: Weekly check-ins scheduled for ongoing support."
192,standard,SYN_00192,A7,2,55,female,Amanda,Smith,standard_professional,none,"Date: 2025-09-04 - Amanda session. Client concerns: seeking employment opportunities, reporting increased anxiety. Services provided: housing search assistance, service coordination. Assessment: Client engaged appropriately during the session and demonstrated understanding of discussed options. Plan: Weekly check-ins scheduled for ongoing support."
193,standard,SYN_00193,A7,2,49,female,Amanda,Martinez,standard_professional,none,"Date: 2025-08-30 - Amanda session. Client concerns: requires job search support, requiring mental health support. Services provided: housing search assistance, service coordination. Assessment: Client engaged appropriately during the session and demonstrated understanding of discussed options. Plan: Weekly check-ins scheduled for ongoing support."
194,standard,SYN_00194,A7,2,53,male,Anthony,Garcia,standard_professional,none,"Date: 2025-09-30 - Anthony session. Client concerns: seeking employment opportunities, requiring mental health support. Services provided: service coordination, housing search assistance. Assessment: Person engaged constructively in problem-solving and indicated readiness for recommended actions. Plan: Weekly check-ins scheduled for ongoing support."
195,standard,SYN_00195,A7,2,48,female,Angela,Anderson,standard_professional,none,"Date: 2025-09-01 - Angela session. Client concerns: seeking employment opportunities, having difficulty coping with stress. Services provided: service coordination, case management meeting. Assessment: Individual demonstrated appropriate engagement and expressed commitment to the service plan. Plan: Weekly check-ins scheduled for ongoing support."
196,standard,SYN_00196,A7,2,39,male,Jason,Gonzalez,standard_professional,none,"Date: 2025-11-02 - Jason session. Client concerns: requires job search support, requiring mental health support. Services provided: case management meeting, service coordination. Assessment: Individual demonstrated appropriate engagement and expressed commitment to the service plan. Plan: Weekly check-ins scheduled for ongoing support."
197,standard,SYN_00197,A7,2,52,female,Melissa,Anderson,standard_professional,none,"Date: 2025-10-23 - Melissa session. Client concerns: requires job search support, requiring mental health support. Services provided: service coordination, case management meeting. Assessment: Individual demonstrated appropriate engagement and expressed commitment to the service plan. Plan: Weekly check-ins scheduled for ongoing support."
198,standard,SYN_00198,A7,2,39,male,Jason,Jones,standard_professional,none,"Date: 2025-08-12 - Jason session. Client concerns: lacking recent work experience, having difficulty coping with stress. Services provided: case management meeting, housing search assistance. Assessment: Person engaged constructively in problem-solving and indicated readiness for recommended actions. Plan: Weekly check-ins scheduled for ongoing support."
199,standard,SYN_00199,A7,2,48,female,Amy,Brown,standard_professional,none,"Date: 2025-09-29 - Amy session. Client concerns: seeking employment opportunities, requiring mental health support. Services provided: housing search assistance, service coordination. Assessment: Person engaged constructively in problem-solving and indicated readiness for recommended actions. Plan: Weekly check-ins scheduled for ongoing support."
200,standard,SYN_00200,A7,2,46,female,Amanda,Johnson,standard_professional,none,"Date: 2025-08-08 - Amanda session. Client concerns: lacking recent work experience, having difficulty coping with stress. Services provided: case management meeting, service coordination. Assessment: Individual demonstrated appropriate engagement and expressed commitment to the service plan. Plan: Weekly check-ins scheduled for ongoing support."
201,standard,SYN_00201,A7,2,35,female,Melissa,Brown,standard_professional,none,"Date: 2025-11-03 - Melissa session. Client concerns: seeking employment opportunities, requiring mental health support. Services provided: service coordination, case management meeting. Assessment: Person engaged constructively in problem-solving and indicated readiness for recommended actions. Plan: Weekly check-ins scheduled for ongoing support."
202,standard,SYN_00202,A7,2,47,female,Michelle,Martinez,standard_professional,none,"Date: 2025-09-13 - Michelle session. Client concerns: seeking employment opportunities, reporting increased anxiety. Services provided: service coordination, housing search assistance. Assessment: Individual demonstrated appropriate engagement and expressed commitment to the service plan. Plan: Weekly check-ins scheduled for ongoing support."
203,standard,SYN_00203,A7,2,38,female,Melissa,Gonzalez,standard_professional,none,"Date: 2025-10-02 - Melissa session. Client concerns: seeking employment opportunities, having difficulty coping with stress. Services provided: case management meeting, housing search assistance. Assessment: Client engaged appropriately during the session and demonstrated understanding of discussed options. Plan: Weekly check-ins scheduled for ongoing support."
204,standard,SYN_00204,A7,2,55,female,Sarah,Williams,standard_professional,none,"Date: 2025-08-12 - Sarah session. Client concerns: seeking employment opportunities, having difficulty coping with stress. Services provided: housing search assistance, service coordination. Assessment: Client engaged appropriately during the session and demonstrated understanding of discussed options. Plan: Weekly check-ins scheduled for ongoing support."
205,standard,SYN_00205,A7,2,48,female,Amy,Davis,standard_professional,none,"Date: 2025-11-02 - Amy session. Client concerns: seeking employment opportunities, reporting increased anxiety. Services provided: housing search assistance, case management meeting. Assessment: Person engaged constructively in problem-solving and indicated readiness for recommended actions. Plan: Weekly check-ins scheduled for ongoing support."
206,standard,SYN_00206,A7,2,43,male,Daniel,Brown,standard_professional,none,"Date: 2025-09-08 - Daniel session. Client concerns: lacking recent work experience, requiring mental health support. Services provided: case management meeting, housing search assistance. Assessment: Person engaged constructively in problem-solving and indicated readiness for recommended actions. Plan: Weekly check-ins scheduled for ongoing support."
207,standard,SYN_00207,A7,2,45,female,Ashley,Gonzalez,standard_professional,none,"Date: 2025-10-19 - Ashley session. Client concerns: lacking recent work experience, having difficulty coping with stress. Services provided: case management meeting, housing search assistance. Assessment: Individual demonstrated appropriate engagement and expressed commitment to the service plan. Plan: Weekly check-ins scheduled for ongoing support."
208,standard,SYN_00208,A7,2,54,female,Amy,Williams,standard_professional,none,"Date: 2025-08-30 - Amy session. Client concerns: seeking employment opportunities, reporting increased anxiety. Services provided: service coordination, case management meeting. Assessment: Individual demonstrated appropriate engagement and expressed commitment to the service plan. Plan: Weekly check-ins scheduled for ongoing support."
209,standard,SYN_00209,A7,2,54,female,Michelle,Garcia,standard_professional,none,"Date: 2025-10-04 - Michelle session. Client concerns: lacking recent work experience, having difficulty coping with stress. Services provided: housing search assistance, service coordination. Assessment: Client engaged appropriately during the session and demonstrated understanding of discussed options. Plan: Weekly check-ins scheduled for ongoing support."
210,standard,SYN_00210,A7,2,47,female,Michelle,Johnson,standard_professional,none,"Date: 2025-08-23 - Michelle session. Client concerns: requires job search support, having difficulty coping with stress. Services provided: case management meeting, housing search assistance. Assessment: Individual demonstrated appropriate engagement and expressed commitment to the service plan. Plan: Weekly check-ins scheduled for ongoing support."
211,standard,SYN_00211,A8,3,28,female,Ashley,Davis,standard_professional,none,"Date: 2025-10-28 - Ashley session. Client concerns: requires job search support, at risk of eviction, having difficulty coping with stress. Services provided: intensive case management, multi-agency coordination. Assessment: Person engaged constructively in problem-solving and indicated readiness for recommended actions. Plan: Daily contact scheduled for remainder of week."
212,standard,SYN_00212,A8,3,38,female,Ashley,Davis,standard_professional,none,"Date: 2025-09-26 - Ashley session. Client concerns: requires job search support, seeking stable accommodation, requiring mental health support. Services provided: intensive case management, multi-agency coordination. Assessment: Client engaged appropriately during the session and demonstrated understanding of discussed options. Plan: Daily contact scheduled for remainder of week."
213,standard,SYN_00213,A8,3,40,male,Anthony,Rodriguez,standard_professional,none,"Date: 2025-10-13 - Anthony session. Client concerns: requires job search support, at risk of eviction, requiring mental health support. Services provided: intensive case management, multi-agency coordination. Assessment: Individual demonstrated appropriate engagement and expressed commitment to the service plan. Plan: Daily contact scheduled for remainder of week."
214,standard,SYN_00214,A8,3,40,female,Jessica,Lopez,standard_professional,none,"Date: 2025-08-22 - Jessica session. Client concerns: seeking employment opportunities, seeking stable accommodation, requiring mental health support. Services provided: crisis response planning, multi-agency coordination. Assessment: Individual demonstrated appropriate engagement and expressed commitment to the service plan. Plan: Daily contact scheduled for remainder of week."
215,standard,SYN_00215,A8,3,26,male,Robert,Lopez,standard_professional,none,"Date: 2025-09-17 - Robert session. Client concerns: requires job search support, seeking stable accommodation, requiring mental health support. Services provided: crisis response planning, intensive case management. Assessment: Individual demonstrated appropriate engagement and expressed commitment to the service plan. Plan: Daily contact scheduled for remainder of week."
216,standard,SYN_00216,A8,3,41,female,Amanda,Wilson,standard_professional,none,"Date: 2025-09-21 - Amanda session. Client concerns: requires job search support, seeking stable accommodation, reporting increased anxiety. Services provided: intensive case management, crisis response planning. Assessment: Individual demonstrated appropriate engagement and expressed commitment to the service plan. Plan: Daily contact scheduled for remainder of week."
217,standard,SYN_00217,A8,3,33,female,Melissa,Lopez,standard_professional,none,"Date: 2025-09-07 - Melissa session. Client concerns: seeking employment opportunities, seeking stable accommodation, requiring mental health support. Services provided: multi-agency coordination, crisis response planning. Assessment: Individual demonstrated appropriate engagement and expressed commitment to the service plan. Plan: Daily contact scheduled for remainder of week."
218,standard,SYN_00218,A8,3,25,male,Christopher,Garcia,standard_professional,none,"Date: 2025-08-09 - Christopher session. Client concerns: lacking recent work experience, at risk of eviction, reporting increased anxiety. Services provided: multi-agency coordination, crisis response planning. Assessment: Person engaged constructively in problem-solving and indicated readiness for recommended actions. Plan: Daily contact scheduled for remainder of week."
219,standard,SYN_00219,A8,3,29,other,Avery,Jones,standard_professional,none,"Date: 2025-08-27 - Avery session. Client concerns: seeking employment opportunities, seeking stable accommodation, reporting increased anxiety. Services provided: crisis response planning, intensive case management. Assessment: Individual demonstrated appropriate engagement and expressed commitment to the service plan. Plan: Daily contact scheduled for remainder of week."
220,standard,SYN_00220,A8,3,38,male,Jason,Davis,standard_professional,none,"Date: 2025-08-29 - Jason session. Client concerns: lacking recent work experience, experiencing housing instability, having difficulty coping with stress. Services provided: crisis response planning, multi-agency coordination. Assessment: Individual demonstrated appropriate engagement and expressed commitment to the service plan. Plan: Daily contact scheduled for remainder of week."
221,standard,SYN_00221,A8,3,44,female,Sarah,Garcia,standard_professional,none,"Date: 2025-09-06 - Sarah session. Client concerns: lacking recent work experience, at risk of eviction, reporting increased anxiety. Services provided: crisis response planning, intensive case management. Assessment: Individual demonstrated appropriate engagement and expressed commitment to the service plan. Plan: Daily contact scheduled for remainder of week."
222,standard,SYN_00222,A8,3,32,male,Jason,Miller,standard_professional,none,"Date: 2025-10-24 - Jason session. Client concerns: requires job search support, experiencing housing instability, having difficulty coping with stress. Services provided: intensive case management, multi-agency coordination. Assessment: Client engaged appropriately during the session and demonstrated understanding of discussed options. Plan: Daily contact scheduled for remainder of week."
223,standard,SYN_00223,A8,3,40,male,Robert,Davis,standard_professional,none,"Date: 2025-10-13 - Robert session. Client concerns: lacking recent work experience, seeking stable accommodation, requiring mental health support. Services provided: intensive case management, crisis response planning. Assessment: Individual demonstrated appropriate engagement and expressed commitment to the service plan. Plan: Daily contact scheduled for remainder of week."
224,standard,SYN_00224,A8,3,28,female,Nicole,Johnson,standard_professional,none,"Date: 2025-09-16 - Nicole session. Client concerns: seeking employment opportunities, at risk of eviction, requiring mental health support. Services provided: crisis response planning, intensive case management. Assessment: Client engaged appropriately during the session and demonstrated understanding of discussed options. Plan: Daily contact scheduled for remainder of week."
225,standard,SYN_00225,A8,3,26,female,Angela,Wilson,standard_professional,none,"Date: 2025-10-20 - Angela session. Client concerns: requires job search support, experiencing housing instability, reporting increased anxiety. Services provided: multi-agency coordination, intensive case management. Assessment: Client engaged appropriately during the session and demonstrated understanding of discussed options. Plan: Daily contact scheduled for remainder of week."
226,standard,SYN_00226,A8,3,34,male,James,Anderson,standard_professional,none,"Date: 2025-08-12 - James session. Client concerns: requires job search support, seeking stable accommodation, reporting increased anxiety. Services provided: crisis response planning, intensive case management. Assessment: Person engaged constructively in problem-solving and indicated readiness for recommended actions. Plan: Daily contact scheduled for remainder of week."
227,standard,SYN_00227,A8,3,43,female,Sarah,Brown,standard_professional,none,"Date: 2025-09-19 - Sarah session. Client concerns: lacking recent work experience, seeking stable accommodation, having difficulty coping with stress. Services provided: crisis response planning, intensive case management. Assessment: Individual demonstrated appropriate engagement and expressed commitment to the service plan. Plan: Daily contact scheduled for remainder of week."
228,standard,SYN_00228,A8,3,25,female,Nicole,Smith,standard_professional,none,"Date: 2025-10-03 - Nicole session. Client concerns: seeking employment opportunities, at risk of eviction, reporting increased anxiety. Services provided: crisis response planning, multi-agency coordination. Assessment: Person engaged constructively in problem-solving and indicated readiness for recommended actions. Plan: Daily contact scheduled for remainder of week."
229,standard,SYN_00229,A8,3,31,female,Amanda,Miller,standard_professional,none,"Date: 2025-10-31 - Amanda session. Client concerns: lacking recent work experience, at risk of eviction, requiring mental health support. Services provided: intensive case management, crisis response planning. Assessment: Individual demonstrated appropriate engagement and expressed commitment to the service plan. Plan: Daily contact scheduled for remainder of week."
230,standard,SYN_00230,A8,3,32,female,Ashley,Anderson,standard_professional,none,"Date: 2025-10-01 - Ashley session. Client concerns: requires job search support, seeking stable accommodation, requiring mental health support. Services provided: multi-agency coordination, intensive case management. Assessment: Individual demonstrated appropriate engagement and expressed commitment to the service plan. Plan: Daily contact scheduled for remainder of week."
231,standard,SYN_00231,A8,3,43,male,Robert,Miller,standard_professional,none,"Date: 2025-08-17 - Robert session. Client concerns: requires job search support, at risk of eviction, requiring mental health support. Services provided: multi-agency coordination, crisis response planning. Assessment: Person engaged constructively in problem-solving and indicated readiness for recommended actions. Plan: Daily contact scheduled for remainder of week."
232,standard,SYN_00232,A8,3,30,female,Ashley,Garcia,standard_professional,none,"Date: 2025-09-24 - Ashley session. Client concerns: seeking employment opportunities, experiencing housing instability, reporting increased anxiety. Services provided: intensive case management, crisis response planning. Assessment: Client engaged appropriately during the session and demonstrated understanding of discussed options. Plan: Daily contact scheduled for remainder of week."
233,standard,SYN_00233,A8,3,31,male,Matthew,Hernandez,standard_professional,none,"Date: 2025-10-07 - Matthew session. Client concerns: seeking employment opportunities, at risk of eviction, reporting increased anxiety. Services provided: multi-agency coordination, intensive case management. Assessment: Person engaged constructively in problem-solving and indicated readiness for recommended actions. Plan: Daily contact scheduled for remainder of week."
234,standard,SYN_00234,A8,3,41,male,John,Brown,standard_professional,none,"Date: 2025-11-03 - John session. Client concerns: lacking recent work experience, experiencing housing instability, having difficulty coping with stress. Services provided: intensive case management, multi-agency coordination. Assessment: Person engaged constructively in problem-solving and indicated readiness for recommended actions. Plan: Daily contact scheduled for remainder of week."
235,standard,SYN_00235,A8,3,34,female,Ashley,Anderson,standard_professional,none,"Date: 2025-10-13 - Ashley session. Client concerns: requires job search support, experiencing housing instability, reporting increased anxiety. Services provided: intensive case management, crisis response planning. Assessment: Individual demonstrated appropriate engagement and expressed commitment to the service plan. Plan: Daily contact scheduled for remainder of week."
236,standard,SYN_00236,A8,3,38,male,David,Wilson,standard_professional,none,"Date: 2025-08-23 - David session. Client concerns: lacking recent work experience, at risk of eviction, requiring mental health support. Services provided: crisis response planning, multi-agency coordination. Assessment: Client engaged appropriately during the session and demonstrated understanding of discussed options. Plan: Daily contact scheduled for remainder of week."
237,standard,SYN_00237,A8,3,36,male,Anthony,Jones,standard_professional,none,"Date: 2025-09-02 - Anthony session. Client concerns: requires job search support, seeking stable accommodation, having difficulty coping with stress. Services provided: multi-agency coordination, intensive case management. Assessment: Person engaged constructively in problem-solving and indicated readiness for recommended actions. Plan: Daily contact scheduled for remainder of week."
238,standard,SYN_00238,A8,3,39,female,Amanda,Brown,standard_professional,none,"Date: 2025-09-16 - Amanda session. Client concerns: requires job search support, seeking stable accommodation, reporting increased anxiety. Services provided: multi-agency coordination, crisis response planning. Assessment: Client engaged appropriately during the session and demonstrated understanding of discussed options. Plan: Daily contact scheduled for remainder of week."
239,standard,SYN_00239,A8,3,31,male,Anthony,Jones,standard_professional,none,"Date: 2025-09-22 - Anthony session. Client concerns: lacking recent work experience, seeking stable accommodation, reporting increased anxiety. Services provided: multi-agency coordination, intensive case management. Assessment: Person engaged constructively in problem-solving and indicated readiness for recommended actions. Plan: Daily contact scheduled for remainder of week."
240,standard,SYN_00240,A8,3,39,male,James,Davis,standard_professional,none,"Date: 2025-09-29 - James session. Client concerns: requires job search support, seeking stable accommodation, reporting increased anxiety. Services provided: multi-agency coordination, intensive case management. Assessment: Individual demonstrated appropriate engagement and expressed commitment to the service plan. Plan: Daily contact scheduled for remainder of week."
241,standard,SYN_00241,A8,3,38,female,Michelle,Smith,standard_professional,none,"Date: 2025-09-24 - Michelle session. Client concerns: seeking employment opportunities, experiencing housing instability, having difficulty coping with stress. Services provided: crisis response planning, multi-agency coordination. Assessment: Client engaged appropriately during the session and demonstrated understanding of discussed options. Plan: Daily contact scheduled for remainder of week."
242,standard,SYN_00242,A8,3,40,female,Sarah,Smith,standard_professional,none,"Date: 2025-10-12 - Sarah session. Client concerns: seeking employment opportunities, experiencing housing instability, requiring mental health support. Services provided: intensive case management, crisis response planning. Assessment: Individual demonstrated appropriate engagement and expressed commitment to the service plan. Plan: Daily contact scheduled for remainder of week."
243,standard,SYN_00243,A8,3,33,female,Jennifer,Miller,standard_professional,none,"Date: 2025-08-27 - Jennifer session. Client concerns: requires job search support, at risk of eviction, having difficulty coping with stress. Services provided: intensive case management, multi-agency coordination. Assessment: Person engaged constructively in problem-solving and indicated readiness for recommended actions. Plan: Daily contact scheduled for remainder of week."
244,standard,SYN_00244,A8,3,31,female,Jennifer,Jones,standard_professional,none,"Date: 2025-09-08 - Jennifer session. Client concerns: seeking employment opportunities, seeking stable accommodation, requiring mental health support. Services provided: multi-agency coordination, crisis response planning. Assessment: Client engaged appropriately during the session and demonstrated understanding of discussed options. Plan: Daily contact scheduled for remainder of week."
245,standard,SYN_00245,A8,3,31,male,Daniel,Wilson,standard_professional,none,"Date: 2025-10-17 - Daniel session. Client concerns: seeking employment opportunities, experiencing housing instability, having difficulty coping with stress. Services provided: crisis response planning, intensive case management. Assessment: Individual demonstrated appropriate engagement and expressed commitment to the service plan. Plan: Daily contact scheduled for remainder of week."
246,standard,SYN_00246,A8,3,30,other,Alex,Smith,standard_professional,none,"Date: 2025-10-20 - Alex session. Client concerns: lacking recent work experience, seeking stable accommodation, requiring mental health support. Services provided: multi-agency coordination, crisis response planning. Assessment: Person engaged constructively in problem-solving and indicated readiness for recommended actions. Plan: Daily contact scheduled for remainder of week."
247,standard,SYN_00247,A8,3,26,female,Michelle,Williams,standard_professional,none,"Date: 2025-09-09 - Michelle session. Client concerns: seeking employment opportunities, seeking stable accommodation, requiring mental health support. Services provided: crisis response planning, intensive case management. Assessment: Person engaged constructively in problem-solving and indicated readiness for recommended actions. Plan: Daily contact scheduled for remainder of week."
248,standard,SYN_00248,A8,3,39,female,Amy,Williams,standard_professional,none,"Date: 2025-08-24 - Amy session. Client concerns: requires job search support, experiencing housing instability, requiring mental health support. Services provided: multi-agency coordination, intensive case management. Assessment: Person engaged constructively in problem-solving and indicated readiness for recommended actions. Plan: Daily contact scheduled for remainder of week."
249,standard,SYN_00249,A9,3,58,female,Melissa,Garcia,standard_professional,none,"Date: 2025-10-09 - Melissa session. Client concerns: seeking employment opportunities, seeking stable accommodation, having difficulty coping with stress. Services provided: multi-agency coordination, crisis response planning. Assessment: Individual demonstrated appropriate engagement and expressed commitment to the service plan. Plan: Daily contact scheduled for remainder of week."
250,standard,SYN_00250,A9,3,50,female,Jennifer,Jones,standard_professional,none,"Date: 2025-09-16 - Jennifer session. Client concerns: requires job search support, seeking stable accommodation, requiring mental health support. Services provided: intensive case management, multi-agency coordination. Assessment: Person engaged constructively in problem-solving and indicated readiness for recommended actions. Plan: Daily contact scheduled for remainder of week."
251,standard,SYN_00251,A9,3,41,male,James,Johnson,standard_professional,none,"Date: 2025-09-13 - James session. Client concerns: requires job search support, seeking stable accommodation, reporting increased anxiety. Services provided: intensive case management, multi-agency coordination. Assessment: Person engaged constructively in problem-solving and indicated readiness for recommended actions. Plan: Daily contact scheduled for remainder of week."
252,standard,SYN_00252,A9,3,64,female,Amanda,Anderson,standard_professional,none,"Date: 2025-10-28 - Amanda session. Client concerns: seeking employment opportunities, at risk of eviction, reporting increased anxiety. Services provided: crisis response planning, intensive case management. Assessment: Client engaged appropriately during the session and demonstrated understanding of discussed options. Plan: Daily contact scheduled for remainder of week."
253,standard,SYN_00253,A9,3,36,female,Jennifer,Hernandez,standard_professional,none,"Date: 2025-08-08 - Jennifer session. Client concerns: lacking recent work experience, seeking stable accommodation, reporting increased anxiety. Services provided: crisis response planning, multi-agency coordination. Assessment: Person engaged constructively in problem-solving and indicated readiness for recommended actions. Plan: Daily contact scheduled for remainder of week."
254,standard,SYN_00254,A9,3,42,male,John,Wilson,standard_professional,none,"Date: 2025-11-01 - John session. Client concerns: lacking recent work experience, experiencing housing instability, having difficulty coping with stress. Services provided: intensive case management, multi-agency coordination. Assessment: Client engaged appropriately during the session and demonstrated understanding of discussed options. Plan: Daily contact scheduled for remainder of week."
255,standard,SYN_00255,A9,3,47,female,Amanda,Anderson,standard_professional,none,"Date: 2025-09-26 - Amanda session. Client concerns: requires job search support, experiencing housing instability, having difficulty coping with stress. Services provided: multi-agency coordination, intensive case management. Assessment: Individual demonstrated appropriate engagement and expressed commitment to the service plan. Plan: Daily contact scheduled for remainder of week."
256,standard,SYN_00256,A9,3,54,female,Ashley,Rodriguez,standard_professional,none,"Date: 2025-10-07 - Ashley session. Client concerns: seeking employment opportunities, experiencing housing instability, reporting increased anxiety. Services provided: intensive case management, crisis response planning. Assessment: Person engaged constructively in problem-solving and indicated readiness for recommended actions. Plan: Daily contact scheduled for remainder of week."
257,standard,SYN_00257,A9,3,63,female,Amy,Wilson,standard_professional,none,"Date: 2025-10-03 - Amy session. Client concerns: lacking recent work experience, seeking stable accommodation, reporting increased anxiety. Services provided: multi-agency coordination, intensive case management. Assessment: Individual demonstrated appropriate engagement and expressed commitment to the service plan. Plan: Daily contact scheduled for remainder of week."
258,standard,SYN_00258,A9,3,52,female,Michelle,Martinez,standard_professional,none,"Date: 2025-09-11 - Michelle session. Client concerns: requires job search support, experiencing housing instability, having difficulty coping with stress. Services provided: intensive case management, multi-agency coordination. Assessment: Person engaged constructively in problem-solving and indicated readiness for recommended actions. Plan: Daily contact scheduled for remainder of week."
259,standard,SYN_00259,A9,3,37,female,Jessica,Gonzalez,standard_professional,none,"Date: 2025-10-19 - Jessica session. Client concerns: lacking recent work experience, experiencing housing instability, reporting increased anxiety. Services provided: intensive case management, crisis response planning. Assessment: Person engaged constructively in problem-solving and indicated readiness for recommended actions. Plan: Daily contact scheduled for remainder of week."
260,standard,SYN_00260,A9,3,59,male,Matthew,Garcia,standard_professional,none,"Date: 2025-10-20 - Matthew session. Client concerns: seeking employment opportunities, seeking stable accommodation, requiring mental health support. Services provided: intensive case management, multi-agency coordination. Assessment: Person engaged constructively in problem-solving and indicated readiness for recommended actions. Plan: Daily contact scheduled for remainder of week."
261,standard,SYN_00261,A9,3,61,female,Amanda,Rodriguez,standard_professional,none,"Date: 2025-10-18 - Amanda session. Client concerns: lacking recent work experience, at risk of eviction, reporting increased anxiety. Services provided: crisis response planning, intensive case management. Assessment: Individual demonstrated appropriate engagement and expressed commitment to the service plan. Plan: Daily contact scheduled for remainder of week."
262,standard,SYN_00262,A9,3,59,male,Anthony,Miller,standard_professional,none,"Date: 2025-09-16 - Anthony session. Client concerns: lacking recent work experience, at risk of eviction, reporting increased anxiety. Services provided: multi-agency coordination, intensive case management. Assessment: Client engaged appropriately during the session and demonstrated understanding of discussed options. Plan: Daily contact scheduled for remainder of week."
263,standard,SYN_00263,A9,3,37,male,Matthew,Lopez,standard_professional,none,"Date: 2025-08-09 - Matthew session. Client concerns: requires job search support, experiencing housing instability, having difficulty coping with stress. Services provided: multi-agency coordination, intensive case management. Assessment: Person engaged constructively in problem-solving and indicated readiness for recommended actions. Plan: Daily contact scheduled for remainder of week."
264,standard,SYN_00264,A9,3,51,female,Angela,Martinez,standard_professional,none,"Date: 2025-08-24 - Angela session. Client concerns: lacking recent work experience, seeking stable accommodation, having difficulty coping with stress. Services provided: crisis response planning, intensive case management. Assessment: Person engaged constructively in problem-solving and indicated readiness for recommended actions. Plan: Daily contact scheduled for remainder of week."
265,standard,SYN_00265,A9,3,41,female,Ashley,Williams,standard_professional,none,"Date: 2025-10-06 - Ashley session. Client concerns: seeking employment opportunities, at risk of eviction, requiring mental health support. Services provided: intensive case management, multi-agency coordination. Assessment: Person engaged constructively in problem-solving and indicated readiness for recommended actions. Plan: Daily contact scheduled for remainder of week."
266,standard,SYN_00266,A9,3,41,female,Amanda,Martinez,standard_professional,none,"Date: 2025-10-09 - Amanda session. Client concerns: lacking recent work experience, seeking stable accommodation, having difficulty coping with stress. Services provided: intensive case management, multi-agency coordination. Assessment: Person engaged constructively in problem-solving and indicated readiness for recommended actions. Plan: Daily contact scheduled for remainder of week."
267,standard,SYN_00267,A9,3,63,male,James,Davis,standard_professional,none,"Date: 2025-10-31 - James session. Client concerns: requires job search support, experiencing housing instability, having difficulty coping with stress. Services provided: multi-agency coordination, crisis response planning. Assessment: Client engaged appropriately during the session and demonstrated understanding of discussed options. Plan: Daily contact scheduled for remainder of week."
268,standard,SYN_00268,A9,3,54,female,Jennifer,Gonzalez,standard_professional,none,"Date: 2025-10-17 - Jennifer session. Client concerns: seeking employment opportunities, experiencing housing instability, requiring mental health support. Services provided: intensive case management, multi-agency coordination. Assessment: Individual demonstrated appropriate engagement and expressed commitment to the service plan. Plan: Daily contact scheduled for remainder of week."
269,standard,SYN_00269,A9,3,41,male,James,Wilson,standard_professional,none,"Date: 2025-11-02 - James session. Client concerns: lacking recent work experience, at risk of eviction, having difficulty coping with stress. Services provided: multi-agency coordination, crisis response planning. Assessment: Client engaged appropriately during the session and demonstrated understanding of discussed options. Plan: Daily contact scheduled for remainder of week."
270,standard,SYN_00270,A9,3,36,female,Michelle,Hernandez,standard_professional,none,"Date: 2025-09-12 - Michelle session. Client concerns: requires job search support, at risk of eviction, having difficulty coping with stress. Services provided: crisis response planning, intensive case management. Assessment: Client engaged appropriately during the session and demonstrated understanding of discussed options. Plan: Daily contact scheduled for remainder of week."
271,standard,SYN_00271,A9,3,59,male,Christopher,Smith,standard_professional,none,"Date: 2025-08-30 - Christopher session. Client concerns: requires job search support, experiencing housing instability, requiring mental health support. Services provided: crisis response planning, intensive case management. Assessment: Person engaged constructively in problem-solving and indicated readiness for recommended actions. Plan: Daily contact scheduled for remainder of week."
272,standard,SYN_00272,A9,3,36,female,Melissa,Johnson,standard_professional,none,"Date: 2025-10-14 - Melissa session. Client concerns: requires job search support, seeking stable accommodation, requiring mental health support. Services provided: multi-agency coordination, intensive case management. Assessment: Client engaged appropriately during the session and demonstrated understanding of discussed options. Plan: Daily contact scheduled for remainder of week."
273,standard,SYN_00273,A9,3,50,male,Robert,Brown,standard_professional,none,"Date: 2025-11-05 - Robert session. Client concerns: requires job search support, seeking stable accommodation, requiring mental health support. Services provided: intensive case management, multi-agency coordination. Assessment: Individual demonstrated appropriate engagement and expressed commitment to the service plan. Plan: Daily contact scheduled for remainder of week."
274,standard,SYN_00274,A9,3,44,female,Michelle,Brown,standard_professional,none,"Date: 2025-10-10 - Michelle session. Client concerns: lacking recent work experience, experiencing housing instability, requiring mental health support. Services provided: intensive case management, multi-agency coordination. Assessment: Client engaged appropriately during the session and demonstrated understanding of discussed options. Plan: Daily contact scheduled for remainder of week."
275,standard,SYN_00275,A9,3,53,female,Ashley,Rodriguez,standard_professional,none,"Date: 2025-08-15 - Ashley session. Client concerns: requires job search support, seeking stable accommodation, requiring mental health support. Services provided: intensive case management, crisis response planning. Assessment: Person engaged constructively in problem-solving and indicated readiness for recommended actions. Plan: Daily contact scheduled for remainder of week."
276,standard,SYN_00276,A9,3,41,female,Amy,Johnson,standard_professional,none,"Date: 2025-10-28 - Amy session. Client concerns: seeking employment opportunities, at risk of eviction, reporting increased anxiety. Services provided: crisis response planning, intensive case management. Assessment: Person engaged constructively in problem-solving and indicated readiness for recommended actions. Plan: Daily contact scheduled for remainder of week."
277,standard,SYN_00277,A9,3,39,female,Nicole,Smith,standard_professional,none,"Date: 2025-10-23 - Nicole session. Client concerns: requires job search support, at risk of eviction, requiring mental health support. Services provided: crisis response planning, multi-agency coordination. Assessment: Person engaged constructively in problem-solving and indicated readiness for recommended actions. Plan: Daily contact scheduled for remainder of week."
278,standard,SYN_00278,A9,3,45,male,Matthew,Johnson,standard_professional,none,"Date: 2025-10-18 - Matthew session. Client concerns: lacking recent work experience, experiencing housing instability, requiring mental health support. Services provided: crisis response planning, intensive case management. Assessment: Individual demonstrated appropriate engagement and expressed commitment to the service plan. Plan: Daily contact scheduled for remainder of week."
279,standard,SYN_00279,A9,3,45,female,Amy,Brown,standard_professional,none,"Date: 2025-10-05 - Amy session. Client concerns: seeking employment opportunities, experiencing housing instability, having difficulty coping with stress. Services provided: crisis response planning, intensive case management. Assessment: Client engaged appropriately during the session and demonstrated understanding of discussed options. Plan: Daily contact scheduled for remainder of week."
280,standard,SYN_00280,A9,3,48,female,Ashley,Rodriguez,standard_professional,none,"Date: 2025-08-11 - Ashley session. Client concerns: seeking employment opportunities, seeking stable accommodation, having difficulty coping with stress. Services provided: crisis response planning, multi-agency coordination. Assessment: Client engaged appropriately during the session and demonstrated understanding of discussed options. Plan: Daily contact scheduled for remainder of week."
281,standard,SYN_00281,A9,3,40,male,Robert,Brown,standard_professional,none,"Date: 2025-08-27 - Robert session. Client concerns: requires job search support, seeking stable accommodation, reporting increased anxiety. Services provided: multi-agency coordination, crisis response planning. Assessment: Client engaged appropriately during the session and demonstrated understanding of discussed options. Plan: Daily contact scheduled for remainder of week."
282,standard,SYN_00282,A9,3,37,male,David,Brown,standard_professional,none,"Date: 2025-09-07 - David session. Client concerns: lacking recent work experience, seeking stable accommodation, having difficulty coping with stress. Services provided: multi-agency coordination, crisis response planning. Assessment: Individual demonstrated appropriate engagement and expressed commitment to the service plan. Plan: Daily contact scheduled for remainder of week."
283,standard,SYN_00283,A9,3,38,female,Michelle,Williams,standard_professional,none,"Date: 2025-10-05 - Michelle session. Client concerns: lacking recent work experience, at risk of eviction, having difficulty coping with stress. Services provided: multi-agency coordination, intensive case management. Assessment: Person engaged constructively in problem-solving and indicated readiness for recommended actions. Plan: Daily contact scheduled for remainder of week."
284,standard,SYN_00284,A9,3,52,male,David,Johnson,standard_professional,none,"Date: 2025-10-24 - David session. Client concerns: lacking recent work experience, experiencing housing instability, reporting increased anxiety. Services provided: crisis response planning, multi-agency coordination. Assessment: Individual demonstrated appropriate engagement and expressed commitment to the service plan. Plan: Daily contact scheduled for remainder of week."
285,standard,SYN_00285,A9,3,63,male,Michael,Garcia,standard_professional,none,"Date: 2025-10-05 - Michael session. Client concerns: seeking employment opportunities, experiencing housing instability, reporting increased anxiety. Services provided: multi-agency coordination, crisis response planning. Assessment: Person engaged constructively in problem-solving and indicated readiness for recommended actions. Plan: Daily contact scheduled for remainder of week."
286,standard,SYN_00286,A10,4,35,female,Jessica,Anderson,standard_professional,none,"Date: 2025-08-11 - Jessica session. Client concerns: requires job search support, seeking stable accommodation, reporting increased anxiety. Services provided: emergency intervention, crisis stabilization. Assessment: Person engaged constructively in problem-solving and indicated readiness for recommended actions. Plan: Immediate crisis intervention services activated."
287,standard,SYN_00287,A10,4,41,male,Michael,Miller,standard_professional,none,"Date: 2025-09-15 - Michael session. Client concerns: seeking employment opportunities, experiencing housing instability, reporting increased anxiety. Services provided: emergency intervention, crisis stabilization. Assessment: Individual demonstrated appropriate engagement and expressed commitment to the service plan. Plan: Immediate crisis intervention services activated."
288,standard,SYN_00288,A10,4,26,female,Jennifer,Rodriguez,standard_professional,none,"Date: 2025-09-29 - Jennifer session. Client concerns: requires job search support, seeking stable accommodation, reporting increased anxiety. Services provided: immediate safety planning, crisis stabilization. Assessment: Client engaged appropriately during the session and demonstrated understanding of discussed options. Plan: Immediate crisis intervention services activated."
289,standard,SYN_00289,A10,4,31,female,Amy,Gonzalez,standard_professional,none,"Date: 2025-09-24 - Amy session. Client concerns: lacking recent work experience, seeking stable accommodation, requiring mental health support. Services provided: crisis stabilization, emergency intervention. Assessment: Person engaged constructively in problem-solving and indicated readiness for recommended actions. Plan: Immediate crisis intervention services activated."
290,standard,SYN_00290,A10,4,43,male,John,Lopez,standard_professional,none,"Date: 2025-09-20 - John session. Client concerns: requires job search support, experiencing housing instability, requiring mental health support. Services provided: emergency intervention, immediate safety planning. Assessment: Client engaged appropriately during the session and demonstrated understanding of discussed options. Plan: Immediate crisis intervention services activated."
291,standard,SYN_00291,A10,4,52,male,Jason,Anderson,standard_professional,none,"Date: 2025-09-11 - Jason session. Client concerns: lacking recent work experience, seeking stable accommodation, requiring mental health support. Services provided: emergency intervention, crisis stabilization. Assessment: Client engaged appropriately during the session and demonstrated understanding of discussed options. Plan: Immediate crisis intervention services activated."
292,standard,SYN_00292,A10,4,27,female,Sarah,Wilson,standard_professional,none,"Date: 2025-10-21 - Sarah session. Client concerns: requires job search support, at risk of eviction, having difficulty coping with stress. Services provided: crisis stabilization, immediate safety planning. Assessment: Person engaged constructively in problem-solving and indicated readiness for recommended actions. Plan: Immediate crisis intervention services activated."
293,standard,SYN_00293,A10,4,31,female,Jessica,Miller,standard_professional,none,"Date: 2025-10-19 - Jessica session. Client concerns: lacking recent work experience, seeking stable accommodation, requiring mental health support. Services provided: crisis stabilization, emergency intervention. Assessment: Individual demonstrated appropriate engagement and expressed commitment to the service plan. Plan: Immediate crisis intervention services activated."
294,standard,SYN_00294,A10,4,47,female,Melissa,Martinez,standard_professional,none,"Date: 2025-11-01 - Melissa session. Client concerns: requires job search support, seeking stable accommodation, having difficulty coping with stress. Services provided: emergency intervention, immediate safety planning. Assessment: Person engaged constructively in problem-solving and indicated readiness for recommended actions. Plan: Immediate crisis intervention services activated."
295,standard,SYN_00295,A10,4,40,male,John,Gonzalez,standard_professional,none,"Date: 2025-08-18 - John session. Client concerns: requires job search support, at risk of eviction, requiring mental health support. Services provided: emergency intervention, immediate safety planning. Assessment: Client engaged appropriately during the session and demonstrated understanding of discussed options. Plan: Immediate crisis intervention services activated."
296,standard,SYN_00296,A10,4,42,female,Ashley,Jones,standard_professional,none,"Date: 2025-08-17 - Ashley session. Client concerns: seeking employment opportunities, experiencing housing instability, reporting increased anxiety. Services provided: immediate safety planning, crisis stabilization. Assessment: Individual demonstrated appropriate engagement and expressed commitment to the service plan. Plan: Immediate crisis intervention services activated."
297,standard,SYN_00297,A10,4,34,female,Melissa,Gonzalez,standard_professional,none,"Date: 2025-11-03 - Melissa session. Client concerns: requires job search support, at risk of eviction, reporting increased anxiety. Services provided: emergency intervention, immediate safety planning. Assessment: Person engaged constructively in problem-solving and indicated readiness for recommended actions. Plan: Immediate crisis intervention services activated."
298,standard,SYN_00298,A10,4,40,male,Matthew,Williams,standard_professional,none,"Date: 2025-10-06 - Matthew session. Client concerns: requires job search support, seeking stable accommodation, having difficulty coping with stress. Services provided: emergency intervention, crisis stabilization. Assessment: Person engaged constructively in problem-solving and indicated readiness for recommended actions. Plan: Immediate crisis intervention services activated."
299,standard,SYN_00299,A10,4,53,female,Melissa,Williams,standard_professional,none,"Date: 2025-11-02 - Melissa session. Client concerns: seeking employment opportunities, experiencing housing instability, having difficulty coping with stress. Services provided: emergency intervention, crisis stabilization. Assessment: Individual demonstrated appropriate engagement and expressed commitment to the service plan. Plan: Immediate crisis intervention services activated."
300,standard,SYN_00300,A10,4,51,male,Anthony,Jones,standard_professional,none,"Date: 2025-11-05 - Anthony session. Client concerns: requires job search support, experiencing housing instability, requiring mental health support. Services provided: emergency intervention, crisis stabilization. Assessment: Person engaged constructively in problem-solving and indicated readiness for recommended actions. Plan: Immediate crisis intervention services activated."
301,variation,SYN_00301,A1,1,26,female,Sarah,Johnson,new_caseworker,none,"Date: 2025-09-09
Client: Sarah
Session Summary:
1. Presenting concerns: requires job search support
2. Services provided: employment counseling session, benefit application review
3. Worker observations: Person engaged constructively in problem-solving and indicated readiness for recommended actions.
4. Next steps planned: Follow up in two weeks to review progress."
302,variation,SYN_00302,A1,1,22,male,Anthony,Williams,new_caseworker,none,"Date: 2025-09-02
Client: Anthony
Session Summary:
1. Presenting concerns: requires job search support
2. Services provided: benefit application review, skills assessment completed
3. Worker observations: Person engaged constructively in problem-solving and indicated readiness for recommended actions.
4. Next steps planned: Follow up in two weeks to review progress."
303,variation,SYN_00303,A1,1,28,female,Angela,Garcia,new_caseworker,none,"Date: 2025-08-31
Client: Angela
Session Summary:
1. Presenting concerns: seeking employment opportunities
2. Services provided: benefit application review, employment counseling session
3. Worker observations: Client engaged appropriately during the session and demonstrated understanding of discussed options.
4. Next steps planned: Follow up in two weeks to review progress."
304,variation,SYN_00304,A1,1,29,male,Michael,Johnson,experienced_worker,none,"2025-10-12 - Michael session. Key issues: requires job search support. Interventions: skills assessment completed, benefit application review. Assessment: Client engaged appropriately during the session and demonstrated understanding of discussed options. Action plan: Follow up in two weeks to review progress."
305,variation,SYN_00305,A1,1,25,male,Matthew,Rodriguez,experienced_worker,none,"2025-10-09 - Matthew session. Key issues: seeking employment opportunities. Interventions: benefit application review, skills assessment completed. Assessment: Person engaged constructively in problem-solving and indicated readiness for recommended actions. Action plan: Follow up in two weeks to review progress."
306,variation,SYN_00306,A1,1,32,female,Melissa,Gonzalez,new_caseworker,none,"Date: 2025-08-31
Client: Melissa
Session Summary:
1. Presenting concerns: requires job search support
2. Services provided: skills assessment completed, benefit application review
3. Worker observations: Client engaged appropriately during the session and demonstrated understanding of discussed options.
4. Next steps planned: Follow up in two weeks to review progress."
307,variation,SYN_00307,A1,1,28,female,Jennifer,Smith,new_caseworker,none,"Date: 2025-10-08
Client: Jennifer
Session Summary:
1. Presenting concerns: lacking recent work experience
2. Services provided: benefit application review, employment counseling session
3. Worker observations: Individual demonstrated appropriate engagement and expressed commitment to the service plan.
4. Next steps planned: Follow up in two weeks to review progress."
308,variation,SYN_00308,A1,1,29,female,Ashley,Hernandez,new_caseworker,none,"Date: 2025-10-13
Client: Ashley
Session Summary:
1. Presenting concerns: requires job search support
2. Services provided: employment counseling session, skills assessment completed
3. Worker observations: Client engaged appropriately during the session and demonstrated understanding of discussed options.
4. Next steps planned: Follow up in two weeks to review progress."
309,variation,SYN_00309,A1,1,31,female,Jessica,Davis,experienced_worker,none,"2025-09-15 - Jessica session. Key issues: seeking employment opportunities. Interventions: skills assessment completed, employment counseling session. Assessment: Individual demonstrated appropriate engagement and expressed commitment to the service plan. Action plan: Follow up in two weeks to review progress."
310,variation,SYN_00310,A1,1,33,female,Angela,Johnson,experienced_worker,none,"2025-09-09 - Angela session. Key issues: seeking employment opportunities. Interventions: employment counseling session, benefit application review. Assessment: Person engaged constructively in problem-solving and indicated readiness for recommended actions. Action plan: Follow up in two weeks to review progress."
311,variation,SYN_00311,A1,1,22,other,Avery,Lopez,experienced_worker,none,"2025-10-03 - Avery session. Key issues: seeking employment opportunities. Interventions: employment counseling session, benefit application review. Assessment: Person engaged constructively in problem-solving and indicated readiness for recommended actions. Action plan: Follow up in two weeks to review progress."
312,variation,SYN_00312,A2,1,47,male,James,Davis,new_caseworker,none,"Date: 2025-09-30
Client: James
Session Summary:
1. Presenting concerns: lacking recent work experience
2. Services provided: skills assessment completed, benefit application review
3. Worker observations: Client engaged appropriately during the session and demonstrated understanding of discussed options.
4. Next steps planned: Follow up in two weeks to review progress."
313,variation,SYN_00313,A2,1,29,female,Nicole,Martinez,experienced_worker,none,"2025-10-30 - Nicole session. Key issues: lacking recent work experience. Interventions: employment counseling session, skills assessment completed. Assessment: Client engaged appropriately during the session and demonstrated understanding of discussed options. Action plan: Follow up in two weeks to review progress."
314,variation,SYN_00314,A2,1,51,other,Morgan,Johnson,experienced_worker,none,"2025-10-22 - Morgan session. Key issues: seeking employment opportunities. Interventions: employment counseling session, skills assessment completed. Assessment: Client engaged appropriately during the session and demonstrated understanding of discussed options. Action plan: Follow up in two weeks to review progress."
315,variation,SYN_00315,A2,1,37,male,Anthony,Johnson,senior_worker,none,"Date: 2025-09-03 - Anthony session. Client concerns: lacking recent work experience. Services provided: skills assessment completed, employment counseling session. Assessment: Person engaged constructively in problem-solving and indicated readiness for recommended actions. Plan: Follow up in two weeks to review progress."
316,variation,SYN_00316,A2,1,29,male,Jason,Williams,new_caseworker,none,"Date: 2025-10-25
Client: Jason
Session Summary:
1. Presenting concerns: lacking recent work experience
2. Services provided: skills assessment completed, benefit application review
3. Worker observations: Individual demonstrated appropriate engagement and expressed commitment to the service plan.
4. Next steps planned: Follow up in two weeks to review progress."
317,variation,SYN_00317,A2,1,28,male,Matthew,Rodriguez,senior_worker,none,"Date: 2025-09-06 - Matthew session. Client concerns: seeking employment opportunities. Services provided: employment counseling session, skills assessment completed. Assessment: Client engaged appropriately during the session and demonstrated understanding of discussed options. Plan: Follow up in two weeks to review progress."
318,variation,SYN_00318,A2,1,46,female,Melissa,Smith,new_caseworker,none,"Date: 2025-08-23
Client: Melissa
Session Summary:
1. Presenting concerns: lacking recent work experience
2. Services provided: skills assessment completed, employment counseling session
3. Worker observations: Client engaged appropriately during the session and demonstrated understanding of discussed options.
4. Next steps planned: Follow up in two weeks to review progress."
319,variation,SYN_00319,A2,1,40,female,Ashley,Miller,experienced_worker,none,"2025-09-17 - Ashley session. Key issues: lacking recent work experience. Interventions: skills assessment completed, benefit application review. Assessment: Person engaged constructively in problem-solving and indicated readiness for recommended actions. Action plan: Follow up in two weeks to review progress."
320,variation,SYN_00320,A2,1,48,male,Christopher,Anderson,senior_worker,none,"Date: 2025-09-17 - Christopher session. Client concerns: seeking employment opportunities. Services provided: benefit application review, skills assessment completed. Assessment: Individual demonstrated appropriate engagement and expressed commitment to the service plan. Plan: Follow up in two weeks to review progress."
321,variation,SYN_00321,A2,1,51,male,Christopher,Miller,experienced_worker,none,"2025-10-09 - Christopher session. Key issues: lacking recent work experience. Interventions: benefit application review, skills assessment completed. Assessment: Individual demonstrated appropriate engagement and expressed commitment to the service plan. Action plan: Follow up in two weeks to review progress."
322,variation,SYN_00322,A2,1,40,male,Jason,Anderson,experienced_worker,none,"2025-09-28 - Jason session. Key issues: seeking employment opportunities. Interventions: benefit application review, employment counseling session. Assessment: Client engaged appropriately during the session and demonstrated understanding of discussed options. Action plan: Follow up in two weeks to review progress."
323,variation,SYN_00323,A3,1,61,female,Michelle,Wilson,experienced_worker,none,"2025-09-10 - Michelle session. Key issues: general support needs. Interventions: benefit application review, skills assessment completed. Assessment: Client engaged appropriately during the session and demonstrated understanding of discussed options. Action plan: Follow up in two weeks to review progress."
324,variation,SYN_00324,A3,1,68,other,Jamie,Garcia,senior_worker,none,"Date: 2025-09-26 - Jamie session. Client concerns: general support needs. Services provided: employment counseling session, skills assessment completed. Assessment: Person engaged constructively in problem-solving and indicated readiness for recommended actions. Plan: Follow up in two weeks to review progress."
325,variation,SYN_00325,A3,1,70,male,Michael,Williams,experienced_worker,none,"2025-09-05 - Michael session. Key issues: general support needs. Interventions: employment counseling session, benefit application review. Assessment: Client engaged appropriately during the session and demonstrated understanding of discussed options. Action plan: Follow up in two weeks to review progress."
326,variation,SYN_00326,A3,1,66,male,Matthew,Jones,new_caseworker,none,"Date: 2025-08-10
Client: Matthew
Session Summary:
1. Presenting concerns: general support needs
2. Services provided: employment counseling session, skills assessment completed
3. Worker observations: Client engaged appropriately during the session and demonstrated understanding of discussed options.
4. Next steps planned: Follow up in two weeks to review progress."
327,variation,SYN_00327,A3,1,62,male,John,Hernandez,new_caseworker,none,"Date: 2025-10-14
Client: John
Session Summary:
1. Presenting concerns: general support needs
2. Services provided: benefit application review, employment counseling session
3. Worker observations: Individual demonstrated appropriate engagement and expressed commitment to the service plan.
4. Next steps planned: Follow up in two weeks to review progress."
328,variation,SYN_00328,A3,1,67,female,Jessica,Miller,experienced_worker,none,"2025-09-28 - Jessica session. Key issues: general support needs. Interventions: skills assessment completed, employment counseling session. Assessment: Client engaged appropriately during the session and demonstrated understanding of discussed options. Action plan: Follow up in two weeks to review progress."
329,variation,SYN_00329,A3,1,69,female,Amy,Davis,experienced_worker,none,"2025-10-12 - Amy session. Key issues: general support needs. Interventions: benefit application review, employment counseling session. Assessment: Individual demonstrated appropriate engagement and expressed commitment to the service plan. Action plan: Follow up in two weeks to review progress."
330,variation,SYN_00330,A3,1,56,female,Amy,Hernandez,new_caseworker,none,"Date: 2025-09-10
Client: Amy
Session Summary:
1. Presenting concerns: general support needs
2. Services provided: benefit application review, employment counseling session
3. Worker observations: Client engaged appropriately during the session and demonstrated understanding of discussed options.
4. Next steps planned: Follow up in two weeks to review progress."
331,variation,SYN_00331,A3,1,63,male,Robert,Gonzalez,experienced_worker,none,"2025-08-08 - Robert session. Key issues: general support needs. Interventions: employment counseling session, skills assessment completed. Assessment: Client engaged appropriately during the session and demonstrated understanding of discussed options. Action plan: Follow up in two weeks to review progress."
332,variation,SYN_00332,A4,2,26,female,Ashley,Martinez,experienced_worker,none,"2025-10-15 - Ashley session. Key issues: seeking employment opportunities, experiencing housing instability, requiring mental health support. Interventions: case management meeting, housing search assistance. Assessment: Person engaged constructively in problem-solving and indicated readiness for recommended actions. Action plan: Weekly check-ins scheduled for ongoing support."
333,variation,SYN_00333,A4,2,34,female,Jessica,Hernandez,experienced_worker,none,"2025-10-06 - Jessica session. Key issues: lacking recent work experience, experiencing housing instability, having difficulty coping with stress. Interventions: service coordination, housing search assistance. Assessment: Person engaged constructively in problem-solving and indicated readiness for recommended actions. Action plan: Weekly check-ins scheduled for ongoing support."
334,variation,SYN_00334,A4,2,31,female,Melissa,Brown,experienced_worker,none,"2025-10-07 - Melissa session. Key issues: lacking recent work experience, seeking stable accommodation, reporting increased anxiety. Interventions: case management meeting, housing search assistance. Assessment: Person engaged constructively in problem-solving and indicated readiness for recommended actions. Action plan: Weekly check-ins scheduled for ongoing support."
335,variation,SYN_00335,A4,2,35,female,Sarah,Jones,experienced_worker,none,"2025-10-18 - Sarah session. Key issues: seeking employment opportunities, experiencing housing instability, reporting increased anxiety. Interventions: service coordination, housing search assistance. Assessment: Client engaged appropriately during the session and demonstrated understanding of discussed options. Action plan: Weekly check-ins scheduled for ongoing support."
336,variation,SYN_00336,A4,2,25,female,Amy,Smith,experienced_worker,none,"2025-10-10 - Amy session. Key issues: requires job search support, seeking stable accommodation, requiring mental health support. Interventions: housing search assistance, service coordination. Assessment: Individual demonstrated appropriate engagement and expressed commitment to the service plan. Action plan: Weekly check-ins scheduled for ongoing support."
337,variation,SYN_00337,A4,2,29,female,Michelle,Jones,new_caseworker,none,"Date: 2025-10-29
Client: Michelle
Session Summary:
1. Presenting concerns: requires job search support, seeking stable accommodation, reporting increased anxiety
2. Services provided: housing search assistance, service coordination
3. Worker observations: Client engaged appropriately during the session and demonstrated understanding of discussed options.
4. Next steps planned: Weekly check-ins scheduled for ongoing support."
338,variation,SYN_00338,A4,2,28,female,Angela,Miller,senior_worker,none,"Date: 2025-09-21 - Angela session. Client concerns: seeking employment opportunities, experiencing housing instability, having difficulty coping with stress. Services provided: case management meeting, housing search assistance. Assessment: Person engaged constructively in problem-solving and indicated readiness for recommended actions. Plan: Weekly check-ins scheduled for ongoing support."
339,variation,SYN_00339,A4,2,39,female,Amanda,Martinez,experienced_worker,none,"2025-08-10 - Amanda session. Key issues: lacking recent work experience, at risk of eviction, reporting increased anxiety. Interventions: housing search assistance, case management meeting. Assessment: Client engaged appropriately during the session and demonstrated understanding of discussed options. Action plan: Weekly check-ins scheduled for ongoing support."
340,variation,SYN_00340,A4,2,43,female,Jessica,Brown,senior_worker,none,"Date: 2025-09-16 - Jessica session. Client concerns: lacking recent work experience, seeking stable accommodation, reporting increased anxiety. Services provided: case management meeting, housing search assistance. Assessment: Individual demonstrated appropriate engagement and expressed commitment to the service plan. Plan: Weekly check-ins scheduled for ongoing support."
341,variation,SYN_00341,A4,2,30,male,Anthony,Rodriguez,new_caseworker,none,"Date: 2025-10-05
Client: Anthony
Session Summary:
1. Presenting concerns: requires job search support, at risk of eviction, having difficulty coping with stress
2. Services provided: housing search assistance, case management meeting
3. Worker observations: Individual demonstrated appropriate engagement and expressed commitment to the service plan.
4. Next steps planned: Weekly check-ins scheduled for ongoing support."
342,variation,SYN_00342,A4,2,45,female,Sarah,Hernandez,senior_worker,none,"Date: 2025-09-06 - Sarah session. Client concerns: requires job search support, seeking stable accommodation, having difficulty coping with stress. Services provided: housing search assistance, service coordination. Assessment: Person engaged constructively in problem-solving and indicated readiness for recommended actions. Plan: Weekly check-ins scheduled for ongoing support."
343,variation,SYN_00343,A4,2,35,female,Jessica,Rodriguez,experienced_worker,none,"2025-10-02 - Jessica session. Key issues: requires job search support, at risk of eviction, requiring mental health support. Interventions: case management meeting, housing search assistance. Assessment: Person engaged constructively in problem-solving and indicated readiness for recommended actions. Action plan: Weekly check-ins scheduled for ongoing support."
344,variation,SYN_00344,A4,2,27,female,Angela,Hernandez,experienced_worker,none,"2025-09-06 - Angela session. Key issues: requires job search support, experiencing housing instability, reporting increased anxiety. Interventions: housing search assistance, case management meeting. Assessment: Person engaged constructively in problem-solving and indicated readiness for recommended actions. Action plan: Weekly check-ins scheduled for ongoing support."
345,variation,SYN_00345,A4,2,25,female,Sarah,Garcia,experienced_worker,none,"2025-10-21 - Sarah session. Key issues: seeking employment opportunities, at risk of eviction, having difficulty coping with stress. Interventions: service coordination, case management meeting. Assessment: Individual demonstrated appropriate engagement and expressed commitment to the service plan. Action plan: Weekly check-ins scheduled for ongoing support."
346,variation,SYN_00346,A5,2,60,female,Amy,Brown,experienced_worker,none,"2025-08-08 - Amy session. Key issues: requires job search support, seeking stable accommodation, requiring mental health support. Interventions: housing search assistance, service coordination. Assessment: Person engaged constructively in problem-solving and indicated readiness for recommended actions. Action plan: Weekly check-ins scheduled for ongoing support."
347,variation,SYN_00347,A5,2,52,male,Christopher,Gonzalez,senior_worker,none,"Date: 2025-09-23 - Christopher session. Client concerns: lacking recent work experience, experiencing housing instability, requiring mental health support. Services provided: housing search assistance, case management meeting. Assessment: Individual demonstrated appropriate engagement and expressed commitment to the service plan. Plan: Weekly check-ins scheduled for ongoing support."
348,variation,SYN_00348,A5,2,53,male,James,Johnson,experienced_worker,none,"2025-09-12 - James session. Key issues: seeking employment opportunities, experiencing housing instability, reporting increased anxiety. Interventions: case management meeting, service coordination. Assessment: Person engaged constructively in problem-solving and indicated readiness for recommended actions. Action plan: Weekly check-ins scheduled for ongoing support."
349,variation,SYN_00349,A5,2,53,male,James,Davis,new_caseworker,none,"Date: 2025-08-14
Client: James
Session Summary:
1. Presenting concerns: seeking employment opportunities, at risk of eviction, reporting increased anxiety
2. Services provided: housing search assistance, case management meeting
3. Worker observations: Client engaged appropriately during the session and demonstrated understanding of discussed options.
4. Next steps planned: Weekly check-ins scheduled for ongoing support."
350,variation,SYN_00350,A5,2,53,male,Daniel,Smith,senior_worker,none,"Date: 2025-09-23 - Daniel session. Client concerns: requires job search support, experiencing housing instability, having difficulty coping with stress. Services provided: case management meeting, housing search assistance. Assessment: Client engaged appropriately during the session and demonstrated understanding of discussed options. Plan: Weekly check-ins scheduled for ongoing support."
351,variation,SYN_00351,A5,2,56,female,Amy,Johnson,senior_worker,none,"Date: 2025-10-10 - Amy session. Client concerns: requires job search support, experiencing housing instability, having difficulty coping with stress. Services provided: service coordination, housing search assistance. Assessment: Client engaged appropriately during the session and demonstrated understanding of discussed options. Plan: Weekly check-ins scheduled for ongoing support."
352,variation,SYN_00352,A5,2,57,female,Nicole,Smith,new_caseworker,none,"Date: 2025-10-26
Client: Nicole
Session Summary:
1. Presenting concerns: lacking recent work experience, experiencing housing instability, requiring mental health support
2. Services provided: housing search assistance, case management meeting
3. Worker observations: Person engaged constructively in problem-solving and indicated readiness for recommended actions.
4. Next steps planned: Weekly check-ins scheduled for ongoing support."
353,variation,SYN_00353,A5,2,44,female,Jennifer,Hernandez,new_caseworker,none,"Date: 2025-09-28
Client: Jennifer
Session Summary:
1. Presenting concerns: lacking recent work experience, experiencing housing instability, having difficulty coping with stress
2. Services provided: service coordination, housing search assistance
3. Worker observations: Person engaged constructively in problem-solving and indicated readiness for recommended actions.
4. Next steps planned: Weekly check-ins scheduled for ongoing support."
354,variation,SYN_00354,A5,2,55,other,Taylor,Johnson,experienced_worker,none,"2025-10-30 - Taylor session. Key issues: requires job search support, at risk of eviction, having difficulty coping with stress. Interventions: case management meeting, housing search assistance. Assessment: Person engaged constructively in problem-solving and indicated readiness for recommended actions. Action plan: Weekly check-ins scheduled for ongoing support."
355,variation,SYN_00355,A5,2,55,female,Ashley,Anderson,experienced_worker,none,"2025-10-30 - Ashley session. Key issues: lacking recent work experience, at risk of eviction, having difficulty coping with stress. Interventions: service coordination, housing search assistance. Assessment: Person engaged constructively in problem-solving and indicated readiness for recommended actions. Action plan: Weekly check-ins scheduled for ongoing support."
356,variation,SYN_00356,A5,2,42,female,Amy,Brown,senior_worker,none,"Date: 2025-08-31 - Amy session. Client concerns: requires job search support, seeking stable accommodation, having difficulty coping with stress. Services provided: case management meeting, service coordination. Assessment: Person engaged constructively in problem-solving and indicated readiness for recommended actions. Plan: Weekly check-ins scheduled for ongoing support."
357,variation,SYN_00357,A5,2,54,female,Amanda,Gonzalez,experienced_worker,none,"2025-08-20 - Amanda session. Key issues: lacking recent work experience, experiencing housing instability, reporting increased anxiety. Interventions: case management meeting, service coordination. Assessment: Person engaged constructively in problem-solving and indicated readiness for recommended actions. Action plan: Weekly check-ins scheduled for ongoing support."
358,variation,SYN_00358,A5,2,49,female,Sarah,Jones,experienced_worker,none,"2025-10-15 - Sarah session. Key issues: lacking recent work experience, at risk of eviction, having difficulty coping with stress. Interventions: housing search assistance, case management meeting. Assessment: Person engaged constructively in problem-solving and indicated readiness for recommended actions. Action plan: Weekly check-ins scheduled for ongoing support."
359,variation,SYN_00359,A5,2,50,female,Jennifer,Brown,experienced_worker,none,"2025-09-12 - Jennifer session. Key issues: lacking recent work experience, at risk of eviction, having difficulty coping with stress. Interventions: housing search assistance, case management meeting. Assessment: Individual demonstrated appropriate engagement and expressed commitment to the service plan. Action plan: Weekly check-ins scheduled for ongoing support."
360,variation,SYN_00360,A6,2,39,male,Matthew,Gonzalez,experienced_worker,none,"2025-09-13 - Matthew session. Key issues: seeking employment opportunities, seeking stable accommodation, having difficulty coping with stress. Interventions: service coordination, housing search assistance. Assessment: Client engaged appropriately during the session and demonstrated understanding of discussed options. Action plan: Weekly check-ins scheduled for ongoing support."
361,variation,SYN_00361,A6,2,29,male,Michael,Rodriguez,experienced_worker,none,"2025-10-28 - Michael session. Key issues: seeking employment opportunities, seeking stable accommodation, reporting increased anxiety. Interventions: case management meeting, service coordination. Assessment: Individual demonstrated appropriate engagement and expressed commitment to the service plan. Action plan: Weekly check-ins scheduled for ongoing support."
362,variation,SYN_00362,A6,2,34,male,Michael,Davis,experienced_worker,none,"2025-09-24 - Michael session. Key issues: seeking employment opportunities, seeking stable accommodation, having difficulty coping with stress. Interventions: housing search assistance, service coordination. Assessment: Person engaged constructively in problem-solving and indicated readiness for recommended actions. Action plan: Weekly check-ins scheduled for ongoing support."
363,variation,SYN_00363,A6,2,44,female,Angela,Johnson,new_caseworker,none,"Date: 2025-10-15
Client: Angela
Session Summary:
1. Presenting concerns: requires job search support, experiencing housing instability, requiring mental health support
2. Services provided: housing search assistance, case management meeting
3. Worker observations: Individual demonstrated appropriate engagement and expressed commitment to the service plan.
4. Next steps planned: Weekly check-ins scheduled for ongoing support."
364,variation,SYN_00364,A6,2,36,other,Casey,Brown,experienced_worker,none,"2025-11-05 - Casey session. Key issues: seeking employment opportunities, seeking stable accommodation, reporting increased anxiety. Interventions: case management meeting, service coordination. Assessment: Individual demonstrated appropriate engagement and expressed commitment to the service plan. Action plan: Weekly check-ins scheduled for ongoing support."
365,variation,SYN_00365,A6,2,40,female,Michelle,Johnson,senior_worker,none,"Date: 2025-08-16 - Michelle session. Client concerns: seeking employment opportunities, at risk of eviction, reporting increased anxiety. Services provided: case management meeting, housing search assistance. Assessment: Individual demonstrated appropriate engagement and expressed commitment to the service plan. Plan: Weekly check-ins scheduled for ongoing support."
366,variation,SYN_00366,A6,2,39,other,Avery,Jones,senior_worker,none,"Date: 2025-08-09 - Avery session. Client concerns: requires job search support, experiencing housing instability, reporting increased anxiety. Services provided: housing search assistance, service coordination. Assessment: Person engaged constructively in problem-solving and indicated readiness for recommended actions. Plan: Weekly check-ins scheduled for ongoing support."
367,variation,SYN_00367,A6,2,35,female,Michelle,Gonzalez,experienced_worker,none,"2025-08-18 - Michelle session. Key issues: requires job search support, at risk of eviction, having difficulty coping with stress. Interventions: service coordination, case management meeting. Assessment: Person engaged constructively in problem-solving and indicated readiness for recommended actions. Action plan: Weekly check-ins scheduled for ongoing support."
368,variation,SYN_00368,A6,2,42,male,Matthew,Anderson,experienced_worker,none,"2025-08-24 - Matthew session. Key issues: lacking recent work experience, experiencing housing instability, requiring mental health support. Interventions: housing search assistance, service coordination. Assessment: Individual demonstrated appropriate engagement and expressed commitment to the service plan. Action plan: Weekly check-ins scheduled for ongoing support."
369,variation,SYN_00369,A6,2,47,male,Christopher,Williams,new_caseworker,none,"Date: 2025-10-02
Client: Christopher
Session Summary:
1. Presenting concerns: seeking employment opportunities, at risk of eviction, reporting increased anxiety
2. Services provided: service coordination, case management meeting
3. Worker observations: Person engaged constructively in problem-solving and indicated readiness for recommended actions.
4. Next steps planned: Weekly check-ins scheduled for ongoing support."
370,variation,SYN_00370,A6,2,46,male,David,Miller,new_caseworker,none,"Date: 2025-09-01
Client: David
Session Summary:
1. Presenting concerns: lacking recent work experience, at risk of eviction, requiring mental health support
2. Services provided: case management meeting, service coordination
3. Worker observations: Client engaged appropriately during the session and demonstrated understanding of discussed options.
4. Next steps planned: Weekly check-ins scheduled for ongoing support."
371,variation,SYN_00371,A6,2,39,female,Michelle,Davis,new_caseworker,none,"Date: 2025-10-13
Client: Michelle
Session Summary:
1. Presenting concerns: seeking employment opportunities, at risk of eviction, requiring mental health support
2. Services provided: service coordination, housing search assistance
3. Worker observations: Client engaged appropriately during the session and demonstrated understanding of discussed options.
4. Next steps planned: Weekly check-ins scheduled for ongoing support."
372,variation,SYN_00372,A6,2,40,female,Ashley,Garcia,experienced_worker,none,"2025-09-15 - Ashley session. Key issues: seeking employment opportunities, experiencing housing instability, having difficulty coping with stress. Interventions: service coordination, case management meeting. Assessment: Client engaged appropriately during the session and demonstrated understanding of discussed options. Action plan: Weekly check-ins scheduled for ongoing support."
373,variation,SYN_00373,A6,2,40,female,Ashley,Brown,senior_worker,none,"Date: 2025-09-09 - Ashley session. Client concerns: seeking employment opportunities, seeking stable accommodation, reporting increased anxiety. Services provided: service coordination, case management meeting. Assessment: Person engaged constructively in problem-solving and indicated readiness for recommended actions. Plan: Weekly check-ins scheduled for ongoing support."
374,variation,SYN_00374,A7,2,52,male,David,Davis,experienced_worker,none,"2025-10-09 - David session. Key issues: requires job search support, requiring mental health support. Interventions: housing search assistance, case management meeting. Assessment: Client engaged appropriately during the session and demonstrated understanding of discussed options. Action plan: Weekly check-ins scheduled for ongoing support."
375,variation,SYN_00375,A7,2,51,male,John,Lopez,experienced_worker,none,"2025-09-11 - John session. Key issues: requires job search support, having difficulty coping with stress. Interventions: housing search assistance, service coordination. Assessment: Client engaged appropriately during the session and demonstrated understanding of discussed options. Action plan: Weekly check-ins scheduled for ongoing support."
376,variation,SYN_00376,A7,2,47,female,Jessica,Anderson,experienced_worker,none,"2025-11-04 - Jessica session. Key issues: seeking employment opportunities, requiring mental health support. Interventions: housing search assistance, case management meeting. Assessment: Individual demonstrated appropriate engagement and expressed commitment to the service plan. Action plan: Weekly check-ins scheduled for ongoing support."
377,variation,SYN_00377,A7,2,49,female,Nicole,Martinez,experienced_worker,none,"2025-09-05 - Nicole session. Key issues: seeking employment opportunities, requiring mental health support. Interventions: housing search assistance, service coordination. Assessment: Individual demonstrated appropriate engagement and expressed commitment to the service plan. Action plan: Weekly check-ins scheduled for ongoing support."
378,variation,SYN_00378,A7,2,48,female,Nicole,Wilson,new_caseworker,none,"Date: 2025-10-13
Client: Nicole
Session Summary:
1. Presenting concerns: seeking employment opportunities, requiring mental health support
2. Services provided: housing search assistance, service coordination
3. Worker observations: Person engaged constructively in problem-solving and indicated readiness for recommended actions.
4. Next steps planned: Weekly check-ins scheduled for ongoing support."
379,variation,SYN_00379,A7,2,54,female,Amy,Smith,new_caseworker,none,"Date: 2025-09-29
Client: Amy
Session Summary:
1. Presenting concerns: lacking recent work experience, having difficulty coping with stress
2. Services provided: case management meeting, service coordination
3. Worker observations: Client engaged appropriately during the session and demonstrated understanding of discussed options.
4. Next steps planned: Weekly check-ins scheduled for ongoing support."
380,variation,SYN_00380,A7,2,54,female,Sarah,Johnson,new_caseworker,none,"Date: 2025-08-29
Client: Sarah
Session Summary:
1. Presenting concerns: requires job search support, requiring mental health support
2. Services provided: housing search assistance, service coordination
3. Worker observations: Individual demonstrated appropriate engagement and expressed commitment to the service plan.
4. Next steps planned: Weekly check-ins scheduled for ongoing support."
381,variation,SYN_00381,A7,2,52,female,Angela,Martinez,new_caseworker,none,"Date: 2025-10-27
Client: Angela
Session Summary:
1. Presenting concerns: requires job search support, requiring mental health support
2. Services provided: case management meeting, service coordination
3. Worker observations: Individual demonstrated appropriate engagement and expressed commitment to the service plan.
4. Next steps planned: Weekly check-ins scheduled for ongoing support."
382,variation,SYN_00382,A7,2,47,female,Sarah,Johnson,new_caseworker,none,"Date: 2025-09-03
Client: Sarah
Session Summary:
1. Presenting concerns: seeking employment opportunities, having difficulty coping with stress
2. Services provided: case management meeting, housing search assistance
3. Worker observations: Client engaged appropriately during the session and demonstrated understanding of discussed options.
4. Next steps planned: Weekly check-ins scheduled for ongoing support."
383,variation,SYN_00383,A7,2,39,male,James,Garcia,new_caseworker,none,"Date: 2025-08-16
Client: James
Session Summary:
1. Presenting concerns: seeking employment opportunities, reporting increased anxiety
2. Services provided: case management meeting, housing search assistance
3. Worker observations: Individual demonstrated appropriate engagement and expressed commitment to the service plan.
4. Next steps planned: Weekly check-ins scheduled for ongoing support."
384,variation,SYN_00384,A7,2,40,female,Amanda,Davis,experienced_worker,none,"2025-10-13 - Amanda session. Key issues: seeking employment opportunities, having difficulty coping with stress. Interventions: service coordination, housing search assistance. Assessment: Person engaged constructively in problem-solving and indicated readiness for recommended actions. Action plan: Weekly check-ins scheduled for ongoing support."
385,variation,SYN_00385,A7,2,47,male,Matthew,Hernandez,new_caseworker,none,"Date: 2025-10-17
Client: Matthew
Session Summary:
1. Presenting concerns: requires job search support, reporting increased anxiety
2. Services provided: housing search assistance, service coordination
3. Worker observations: Client engaged appropriately during the session and demonstrated understanding of discussed options.
4. Next steps planned: Weekly check-ins scheduled for ongoing support."
386,variation,SYN_00386,A7,2,39,female,Jennifer,Wilson,experienced_worker,none,"2025-09-14 - Jennifer session. Key issues: seeking employment opportunities, reporting increased anxiety. Interventions: housing search assistance, case management meeting. Assessment: Individual demonstrated appropriate engagement and expressed commitment to the service plan. Action plan: Weekly check-ins scheduled for ongoing support."
387,variation,SYN_00387,A7,2,48,female,Jennifer,Jones,senior_worker,none,"Date: 2025-08-24 - Jennifer session. Client concerns: lacking recent work experience, having difficulty coping with stress. Services provided: case management meeting, service coordination. Assessment: Person engaged constructively in problem-solving and indicated readiness for recommended actions. Plan: Weekly check-ins scheduled for ongoing support."
388,variation,SYN_00388,A8,3,34,female,Melissa,Brown,senior_worker,none,"Date: 2025-10-24 - Melissa session. Client concerns: seeking employment opportunities, at risk of eviction, requiring mental health support. Services provided: intensive case management, multi-agency coordination. Assessment: Individual demonstrated appropriate engagement and expressed commitment to the service plan. Plan: Daily contact scheduled for remainder of week."
389,variation,SYN_00389,A8,3,28,female,Jessica,Martinez,experienced_worker,none,"2025-08-10 - Jessica session. Key issues: seeking employment opportunities, at risk of eviction, requiring mental health support. Interventions: crisis response planning, multi-agency coordination. Assessment: Person engaged constructively in problem-solving and indicated readiness for recommended actions. Action plan: Daily contact scheduled for remainder of week."
390,variation,SYN_00390,A8,3,41,male,John,Smith,experienced_worker,none,"2025-09-19 - John session. Key issues: requires job search support, at risk of eviction, requiring mental health support. Interventions: crisis response planning, multi-agency coordination. Assessment: Individual demonstrated appropriate engagement and expressed commitment to the service plan. Action plan: Daily contact scheduled for remainder of week."
391,variation,SYN_00391,A8,3,32,male,John,Davis,experienced_worker,none,"2025-10-28 - John session. Key issues: seeking employment opportunities, seeking stable accommodation, having difficulty coping with stress. Interventions: intensive case management, crisis response planning. Assessment: Person engaged constructively in problem-solving and indicated readiness for recommended actions. Action plan: Daily contact scheduled for remainder of week."
392,variation,SYN_00392,A8,3,36,female,Angela,Johnson,experienced_worker,none,"2025-09-28 - Angela session. Key issues: requires job search support, experiencing housing instability, having difficulty coping with stress. Interventions: intensive case management, crisis response planning. Assessment: Client engaged appropriately during the session and demonstrated understanding of discussed options. Action plan: Daily contact scheduled for remainder of week."
393,variation,SYN_00393,A8,3,40,female,Angela,Anderson,new_caseworker,none,"Date: 2025-10-16
Client: Angela
Session Summary:
1. Presenting concerns: seeking employment opportunities, seeking stable accommodation, having difficulty coping with stress
2. Services provided: crisis response planning, intensive case management
3. Worker observations: Client engaged appropriately during the session and demonstrated understanding of discussed options.
4. Next steps planned: Daily contact scheduled for remainder of week."
394,variation,SYN_00394,A8,3,29,female,Amy,Garcia,senior_worker,none,"Date: 2025-10-01 - Amy session. Client concerns: requires job search support, at risk of eviction, having difficulty coping with stress. Services provided: multi-agency coordination, intensive case management. Assessment: Person engaged constructively in problem-solving and indicated readiness for recommended actions. Plan: Daily contact scheduled for remainder of week."
395,variation,SYN_00395,A8,3,34,female,Jennifer,Gonzalez,experienced_worker,none,"2025-08-20 - Jennifer session. Key issues: seeking employment opportunities, seeking stable accommodation, reporting increased anxiety. Interventions: crisis response planning, multi-agency coordination. Assessment: Client engaged appropriately during the session and demonstrated understanding of discussed options. Action plan: Daily contact scheduled for remainder of week."
396,variation,SYN_00396,A8,3,30,female,Angela,Brown,new_caseworker,none,"Date: 2025-10-09
Client: Angela
Session Summary:
1. Presenting concerns: lacking recent work experience, seeking stable accommodation, requiring mental health support
2. Services provided: multi-agency coordination, crisis response planning
3. Worker observations: Person engaged constructively in problem-solving and indicated readiness for recommended actions.
4. Next steps planned: Daily contact scheduled for remainder of week."
397,variation,SYN_00397,A8,3,27,male,Matthew,Martinez,senior_worker,none,"Date: 2025-10-28 - Matthew session. Client concerns: seeking employment opportunities, seeking stable accommodation, requiring mental health support. Services provided: intensive case management, multi-agency coordination. Assessment: Client engaged appropriately during the session and demonstrated understanding of discussed options. Plan: Daily contact scheduled for remainder of week."
398,variation,SYN_00398,A8,3,43,female,Jennifer,Davis,senior_worker,none,"Date: 2025-10-20 - Jennifer session. Client concerns: requires job search support, seeking stable accommodation, reporting increased anxiety. Services provided: multi-agency coordination, intensive case management. Assessment: Person engaged constructively in problem-solving and indicated readiness for recommended actions. Plan: Daily contact scheduled for remainder of week."
399,variation,SYN_00399,A8,3,37,male,Matthew,Hernandez,experienced_worker,none,"2025-10-11 - Matthew session. Key issues: seeking employment opportunities, at risk of eviction, requiring mental health support. Interventions: multi-agency coordination, crisis response planning. Assessment: Client engaged appropriately during the session and demonstrated understanding of discussed options. Action plan: Daily contact scheduled for remainder of week."
400,variation,SYN_00400,A8,3,42,male,Jason,Garcia,experienced_worker,none,"2025-11-02 - Jason session. Key issues: lacking recent work experience, experiencing housing instability, reporting increased anxiety. Interventions: crisis response planning, intensive case management. Assessment: Client engaged appropriately during the session and demonstrated understanding of discussed options. Action plan: Daily contact scheduled for remainder of week."
401,variation,SYN_00401,A8,3,37,male,Michael,Smith,senior_worker,none,"Date: 2025-08-19 - Michael session. Client concerns: seeking employment opportunities, seeking stable accommodation, requiring mental health support. Services provided: intensive case management, multi-agency coordination. Assessment: Individual demonstrated appropriate engagement and expressed commitment to the service plan. Plan: Daily contact scheduled for remainder of week."
402,variation,SYN_00402,A8,3,38,female,Amy,Wilson,new_caseworker,none,"Date: 2025-09-01
Client: Amy
Session Summary:
1. Presenting concerns: requires job search support, at risk of eviction, requiring mental health support
2. Services provided: multi-agency coordination, intensive case management
3. Worker observations: Individual demonstrated appropriate engagement and expressed commitment to the service plan.
4. Next steps planned: Daily contact scheduled for remainder of week."
403,variation,SYN_00403,A8,3,27,male,Matthew,Smith,experienced_worker,none,"2025-10-18 - Matthew session. Key issues: requires job search support, seeking stable accommodation, having difficulty coping with stress. Interventions: intensive case management, multi-agency coordination. Assessment: Individual demonstrated appropriate engagement and expressed commitment to the service plan. Action plan: Daily contact scheduled for remainder of week."
404,variation,SYN_00404,A9,3,41,female,Amy,Garcia,new_caseworker,none,"Date: 2025-09-28
Client: Amy
Session Summary:
1. Presenting concerns: lacking recent work experience, seeking stable accommodation, having difficulty coping with stress
2. Services provided: intensive case management, multi-agency coordination
3. Worker observations: Client engaged appropriately during the session and demonstrated understanding of discussed options.
4. Next steps planned: Daily contact scheduled for remainder of week."
405,variation,SYN_00405,A9,3,38,male,Daniel,Martinez,experienced_worker,none,"2025-10-22 - Daniel session. Key issues: seeking employment opportunities, experiencing housing instability, having difficulty coping with stress. Interventions: multi-agency coordination, crisis response planning. Assessment: Client engaged appropriately during the session and demonstrated understanding of discussed options. Action plan: Daily contact scheduled for remainder of week."
406,variation,SYN_00406,A9,3,40,female,Michelle,Miller,experienced_worker,none,"2025-09-29 - Michelle session. Key issues: lacking recent work experience, experiencing housing instability, requiring mental health support. Interventions: intensive case management, multi-agency coordination. Assessment: Individual demonstrated appropriate engagement and expressed commitment to the service plan. Action plan: Daily contact scheduled for remainder of week."
407,variation,SYN_00407,A9,3,59,other,Alex,Miller,experienced_worker,none,"2025-09-03 - Alex session. Key issues: requires job search support, at risk of eviction, reporting increased anxiety. Interventions: crisis response planning, multi-agency coordination. Assessment: Client engaged appropriately during the session and demonstrated understanding of discussed options. Action plan: Daily contact scheduled for remainder of week."
408,variation,SYN_00408,A9,3,45,male,John,Lopez,new_caseworker,none,"Date: 2025-08-10
Client: John
Session Summary:
1. Presenting concerns: requires job search support, seeking stable accommodation, having difficulty coping with stress
2. Services provided: multi-agency coordination, crisis response planning
3. Worker observations: Person engaged constructively in problem-solving and indicated readiness for recommended actions.
4. Next steps planned: Daily contact scheduled for remainder of week."
409,variation,SYN_00409,A9,3,55,male,John,Smith,senior_worker,none,"Date: 2025-09-28 - John session. Client concerns: requires job search support, seeking stable accommodation, requiring mental health support. Services provided: multi-agency coordination, crisis response planning. Assessment: Person engaged constructively in problem-solving and indicated readiness for recommended actions. Plan: Daily contact scheduled for remainder of week."
410,variation,SYN_00410,A9,3,53,male,Michael,Miller,senior_worker,none,"Date: 2025-09-21 - Michael session. Client concerns: seeking employment opportunities, seeking stable accommodation, having difficulty coping with stress. Services provided: multi-agency coordination, intensive case management. Assessment: Person engaged constructively in problem-solving and indicated readiness for recommended actions. Plan: Daily contact scheduled for remainder of week."
411,variation,SYN_00411,A9,3,52,female,Amy,Rodriguez,senior_worker,none,"Date: 2025-09-07 - Amy session. Client concerns: seeking employment opportunities, at risk of eviction, reporting increased anxiety. Services provided: multi-agency coordination, intensive case management. Assessment: Person engaged constructively in problem-solving and indicated readiness for recommended actions. Plan: Daily contact scheduled for remainder of week."
412,variation,SYN_00412,A9,3,43,female,Melissa,Johnson,new_caseworker,none,"Date: 2025-08-16
Client: Melissa
Session Summary:
1. Presenting concerns: lacking recent work experience, seeking stable accommodation, having difficulty coping with stress
2. Services provided: multi-agency coordination, crisis response planning
3. Worker observations: Client engaged appropriately during the session and demonstrated understanding of discussed options.
4. Next steps planned: Daily contact scheduled for remainder of week."
413,variation,SYN_00413,A9,3,59,male,Anthony,Anderson,new_caseworker,none,"Date: 2025-08-27
Client: Anthony
Session Summary:
1. Presenting concerns: requires job search support, seeking stable accommodation, having difficulty coping with stress
2. Services provided: multi-agency coordination, crisis response planning
3. Worker observations: Client engaged appropriately during the session and demonstrated understanding of discussed options.
4. Next steps planned: Daily contact scheduled for remainder of week."
414,variation,SYN_00414,A9,3,65,female,Ashley,Davis,new_caseworker,none,"Date: 2025-10-20
Client: Ashley
Session Summary:
1. Presenting concerns: lacking recent work experience, at risk of eviction, requiring mental health support
2. Services provided: crisis response planning, intensive case management
3. Worker observations: Person engaged constructively in problem-solving and indicated readiness for recommended actions.
4. Next steps planned: Daily contact scheduled for remainder of week."
415,variation,SYN_00415,A9,3,51,male,Anthony,Davis,new_caseworker,none,"Date: 2025-08-18
Client: Anthony
Session Summary:
1. Presenting concerns: seeking employment opportunities, experiencing housing instability, requiring mental health support
2. Services provided: multi-agency coordination, crisis response planning
3. Worker observations: Person engaged constructively in problem-solving and indicated readiness for recommended actions.
4. Next steps planned: Daily contact scheduled for remainder of week."
416,variation,SYN_00416,A9,3,56,male,Jason,Brown,experienced_worker,none,"2025-08-25 - Jason session. Key issues: lacking recent work experience, seeking stable accommodation, reporting increased anxiety. Interventions: intensive case management, multi-agency coordination. Assessment: Individual demonstrated appropriate engagement and expressed commitment to the service plan. Action plan: Daily contact scheduled for remainder of week."
417,variation,SYN_00417,A9,3,62,female,Michelle,Hernandez,experienced_worker,none,"2025-09-06 - Michelle session. Key issues: requires job search support, at risk of eviction, requiring mental health support. Interventions: intensive case management, crisis response planning. Assessment: Person engaged constructively in problem-solving and indicated readiness for recommended actions. Action plan: Daily contact scheduled for remainder of week."
418,variation,SYN_00418,A9,3,44,female,Angela,Brown,senior_worker,none,"Date: 2025-08-17 - Angela session. Client concerns: lacking recent work experience, seeking stable accommodation, requiring mental health support. Services provided: crisis response planning, multi-agency coordination. Assessment: Client engaged appropriately during the session and demonstrated understanding of discussed options. Plan: Daily contact scheduled for remainder of week."
419,variation,SYN_00419,A10,4,48,female,Nicole,Wilson,experienced_worker,none,"2025-10-19 - Nicole session. Key issues: lacking recent work experience, experiencing housing instability, having difficulty coping with stress. Interventions: crisis stabilization, immediate safety planning. Assessment: Client engaged appropriately during the session and demonstrated understanding of discussed options. Action plan: Immediate crisis intervention services activated."
420,variation,SYN_00420,A10,4,30,male,John,Williams,experienced_worker,none,"2025-10-09 - John session. Key issues: seeking employment opportunities, at risk of eviction, requiring mental health support. Interventions: crisis stabilization, immediate safety planning. Assessment: Individual demonstrated appropriate engagement and expressed commitment to the service plan. Action plan: Immediate crisis intervention services activated."
421,variation,SYN_00421,A10,4,45,female,Angela,Hernandez,experienced_worker,none,"2025-10-12 - Angela session. Key issues: requires job search support, experiencing housing instability, reporting increased anxiety. Interventions: emergency intervention, immediate safety planning. Assessment: Individual demonstrated appropriate engagement and expressed commitment to the service plan. Action plan: Immediate crisis intervention services activated."
422,variation,SYN_00422,A10,4,37,male,Robert,Miller,experienced_worker,none,"2025-10-31 - Robert session. Key issues: seeking employment opportunities, experiencing housing instability, having difficulty coping with stress. Interventions: emergency intervention, immediate safety planning. Assessment: Client engaged appropriately during the session and demonstrated understanding of discussed options. Action plan: Immediate crisis intervention services activated."
423,variation,SYN_00423,A10,4,39,male,Daniel,Lopez,new_caseworker,none,"Date: 2025-08-26
Client: Daniel
Session Summary:
1. Presenting concerns: lacking recent work experience, seeking stable accommodation, requiring mental health support
2. Services provided: emergency intervention, immediate safety planning
3. Worker observations: Client engaged appropriately during the session and demonstrated understanding of discussed options.
4. Next steps planned: Immediate crisis intervention services activated."
424,variation,SYN_00424,A10,4,45,male,Michael,Smith,experienced_worker,none,"2025-08-25 - Michael session. Key issues: requires job search support, seeking stable accommodation, requiring mental health support. Interventions: crisis stabilization, immediate safety planning. Assessment: Individual demonstrated appropriate engagement and expressed commitment to the service plan. Action plan: Immediate crisis intervention services activated."
425,variation,SYN_00425,A10,4,41,other,Alex,Gonzalez,senior_worker,none,"Date: 2025-09-06 - Alex session. Client concerns: lacking recent work experience, experiencing housing instability, requiring mental health support. Services provided: crisis stabilization, immediate safety planning. Assessment: Person engaged constructively in problem-solving and indicated readiness for recommended actions. Plan: Immediate crisis intervention services activated."
426,scenario,SYN_00426,A1,1,27,female,Amanda,Anderson,standard_professional,housing_crisis,"Date: 2025-10-20 - Amanda session. Client concerns: requires job search support, HOUSING CRISIS: Client facing eviction. Immediate housing intervention required.. Services provided: employment counseling session, benefit application review. Assessment: Client engaged appropriately during the session and demonstrated understanding of discussed options. Plan: Follow up in two weeks to review progress."
427,scenario,SYN_00427,A1,1,30,male,John,Rodriguez,standard_professional,housing_crisis,"Date: 2025-08-26 - John session. Client concerns: requires job search support, HOUSING CRISIS: Client facing eviction. Immediate housing intervention required.. Services provided: employment counseling session, skills assessment completed. Assessment: Individual demonstrated appropriate engagement and expressed commitment to the service plan. Plan: Follow up in two weeks to review progress."
428,scenario,SYN_00428,A1,1,28,female,Angela,Miller,standard_professional,housing_crisis,"Date: 2025-10-04 - Angela session. Client concerns: requires job search support, HOUSING CRISIS: Client facing eviction. Immediate housing intervention required.. Services provided: benefit application review, employment counseling session. Assessment: Individual demonstrated appropriate engagement and expressed commitment to the service plan. Plan: Follow up in two weeks to review progress."
429,scenario,SYN_00429,A1,1,35,male,Daniel,Garcia,standard_professional,housing_crisis,"Date: 2025-10-03 - Daniel session. Client concerns: requires job search support, HOUSING CRISIS: Client facing eviction. Immediate housing intervention required.. Services provided: benefit application review, employment counseling session. Assessment: Individual demonstrated appropriate engagement and expressed commitment to the service plan. Plan: Follow up in two weeks to review progress."
430,scenario,SYN_00430,A1,1,31,male,Michael,Williams,standard_professional,housing_crisis,"Date: 2025-09-07 - Michael session. Client concerns: requires job search support, HOUSING CRISIS: Client facing eviction. Immediate housing intervention required.. Services provided: employment counseling session, benefit application review. Assessment: Individual demonstrated appropriate engagement and expressed commitment to the service plan. Plan: Follow up in two weeks to review progress."
431,scenario,SYN_00431,A1,1,30,male,David,Martinez,standard_professional,housing_crisis,"Date: 2025-09-04 - David session. Client concerns: seeking employment opportunities, HOUSING CRISIS: Client facing eviction. Immediate housing intervention required.. Services provided: benefit application review, employment counseling session. Assessment: Person engaged constructively in problem-solving and indicated readiness for recommended actions. Plan: Follow up in two weeks to review progress."
432,scenario,SYN_00432,A1,1,31,female,Nicole,Davis,standard_professional,housing_crisis,"Date: 2025-10-28 - Nicole session. Client concerns: lacking recent work experience, HOUSING CRISIS: Client facing eviction. Immediate housing intervention required.. Services provided: skills assessment completed, employment counseling session. Assessment: Person engaged constructively in problem-solving and indicated readiness for recommended actions. Plan: Follow up in two weeks to review progress."
433,scenario,SYN_00433,A2,1,48,male,Daniel,Miller,standard_professional,housing_crisis,"Date: 2025-09-01 - Daniel session. Client concerns: lacking recent work experience, HOUSING CRISIS: Client facing eviction. Immediate housing intervention required.. Services provided: skills assessment completed, employment counseling session. Assessment: Client engaged appropriately during the session and demonstrated understanding of discussed options. Plan: Follow up in two weeks to review progress."
434,scenario,SYN_00434,A2,1,54,male,David,Smith,standard_professional,housing_crisis,"Date: 2025-08-12 - David session. Client concerns: lacking recent work experience, HOUSING CRISIS: Client facing eviction. Immediate housing intervention required.. Services provided: employment counseling session, skills assessment completed. Assessment: Individual demonstrated appropriate engagement and expressed commitment to the service plan. Plan: Follow up in two weeks to review progress."
435,scenario,SYN_00435,A2,1,41,male,Daniel,Martinez,standard_professional,housing_crisis,"Date: 2025-10-25 - Daniel session. Client concerns: requires job search support, HOUSING CRISIS: Client facing eviction. Immediate housing intervention required.. Services provided: benefit application review, skills assessment completed. Assessment: Client engaged appropriately during the session and demonstrated understanding of discussed options. Plan: Follow up in two weeks to review progress."
436,scenario,SYN_00436,A2,1,25,male,Anthony,Jones,standard_professional,housing_crisis,"Date: 2025-09-30 - Anthony session. Client concerns: lacking recent work experience, HOUSING CRISIS: Client facing eviction. Immediate housing intervention required.. Services provided: skills assessment completed, employment counseling session. Assessment: Client engaged appropriately during the session and demonstrated understanding of discussed options. Plan: Follow up in two weeks to review progress."
437,scenario,SYN_00437,A2,1,51,male,John,Wilson,standard_professional,housing_crisis,"Date: 2025-08-27 - John session. Client concerns: requires job search support, HOUSING CRISIS: Client facing eviction. Immediate housing intervention required.. Services provided: skills assessment completed, employment counseling session. Assessment: Client engaged appropriately during the session and demonstrated understanding of discussed options. Plan: Follow up in two weeks to review progress."
438,scenario,SYN_00438,A2,1,41,male,Christopher,Lopez,standard_professional,housing_crisis,"Date: 2025-08-11 - Christopher session. Client concerns: requires job search support, HOUSING CRISIS: Client facing eviction. Immediate housing intervention required.. Services provided: skills assessment completed, employment counseling session. Assessment: Client engaged appropriately during the session and demonstrated understanding of discussed options. Plan: Follow up in two weeks to review progress."
439,scenario,SYN_00439,A2,1,25,male,Anthony,Smith,standard_professional,housing_crisis,"Date: 2025-10-12 - Anthony session. Client concerns: lacking recent work experience, HOUSING CRISIS: Client facing eviction. Immediate housing intervention required.. Services provided: employment counseling session, benefit application review. Assessment: Individual demonstrated appropriate engagement and expressed commitment to the service plan. Plan: Follow up in two weeks to review progress."
440,scenario,SYN_00440,A3,1,55,male,David,Rodriguez,standard_professional,housing_crisis,"Date: 2025-10-19 - David session. Client concerns: general support needs, HOUSING CRISIS: Client facing eviction. Immediate housing intervention required.. Services provided: skills assessment completed, benefit application review. Assessment: Individual demonstrated appropriate engagement and expressed commitment to the service plan. Plan: Follow up in two weeks to review progress."
441,scenario,SYN_00441,A3,1,61,male,Robert,Wilson,standard_professional,housing_crisis,"Date: 2025-10-04 - Robert session. Client concerns: general support needs, HOUSING CRISIS: Client facing eviction. Immediate housing intervention required.. Services provided: skills assessment completed, benefit application review. Assessment: Client engaged appropriately during the session and demonstrated understanding of discussed options. Plan: Follow up in two weeks to review progress."
442,scenario,SYN_00442,A3,1,55,male,Anthony,Anderson,standard_professional,housing_crisis,"Date: 2025-09-21 - Anthony session. Client concerns: general support needs, HOUSING CRISIS: Client facing eviction. Immediate housing intervention required.. Services provided: employment counseling session, benefit application review. Assessment: Person engaged constructively in problem-solving and indicated readiness for recommended actions. Plan: Follow up in two weeks to review progress."
443,scenario,SYN_00443,A3,1,59,male,Christopher,Anderson,standard_professional,housing_crisis,"Date: 2025-11-04 - Christopher session. Client concerns: general support needs, HOUSING CRISIS: Client facing eviction. Immediate housing intervention required.. Services provided: skills assessment completed, employment counseling session. Assessment: Client engaged appropriately during the session and demonstrated understanding of discussed options. Plan: Follow up in two weeks to review progress."
444,scenario,SYN_00444,A3,1,64,male,Matthew,Martinez,standard_professional,housing_crisis,"Date: 2025-09-05 - Matthew session. Client concerns: general support needs, HOUSING CRISIS: Client facing eviction. Immediate housing intervention required.. Services provided: benefit application review, skills assessment completed. Assessment: Person engaged constructively in problem-solving and indicated readiness for recommended actions. Plan: Follow up in two weeks to review progress."
445,scenario,SYN_00445,A4,2,31,female,Melissa,Johnson,standard_professional,housing_crisis,"Date: 2025-10-19 - Melissa session. Client concerns: lacking recent work experience, experiencing housing instability, having difficulty coping with stress, HOUSING CRISIS: Client facing eviction. Immediate housing intervention required.. Services provided: housing search assistance, service coordination. Assessment: Client engaged appropriately during the session and demonstrated understanding of discussed options. Plan: Weekly check-ins scheduled for ongoing support."
446,scenario,SYN_00446,A4,2,25,female,Amy,Brown,standard_professional,housing_crisis,"Date: 2025-09-26 - Amy session. Client concerns: seeking employment opportunities, at risk of eviction, reporting increased anxiety, HOUSING CRISIS: Client facing eviction. Immediate housing intervention required.. Services provided: case management meeting, housing search assistance. Assessment: Client engaged appropriately during the session and demonstrated understanding of discussed options. Plan: Weekly check-ins scheduled for ongoing support."
447,scenario,SYN_00447,A4,2,25,male,Robert,Smith,standard_professional,housing_crisis,"Date: 2025-08-15 - Robert session. Client concerns: requires job search support, seeking stable accommodation, requiring mental health support, HOUSING CRISIS: Client facing eviction. Immediate housing intervention required.. Services provided: housing search assistance, service coordination. Assessment: Individual demonstrated appropriate engagement and expressed commitment to the service plan. Plan: Weekly check-ins scheduled for ongoing support."
448,scenario,SYN_00448,A4,2,35,female,Angela,Brown,standard_professional,mental_health_deterioration,"Date: 2025-10-07 - Angela session. Client concerns: lacking recent work experience, experiencing housing instability, requiring mental health support, Mental health concerns: missed last three appointments. symptoms began 3 months ago. Clinical review scheduled.. Services provided: service coordination, housing search assistance. Assessment: Client engaged appropriately during the session and demonstrated understanding of discussed options. Plan: Weekly check-ins scheduled for ongoing support."
449,scenario,SYN_00449,A4,2,35,female,Sarah,Williams,standard_professional,mental_health_deterioration,"Date: 2025-08-20 - Sarah session. Client concerns: lacking recent work experience, experiencing housing instability, requiring mental health support, Mental health concerns: missed last three appointments. symptoms began 3 months ago. Clinical review scheduled.. Services provided: housing search assistance, service coordination. Assessment: Individual demonstrated appropriate engagement and expressed commitment to the service plan. Plan: Weekly check-ins scheduled for ongoing support."
450,scenario,SYN_00450,A4,2,35,male,David,Davis,standard_professional,mental_health_deterioration,"Date: 2025-08-08 - David session. Client concerns: lacking recent work experience, seeking stable accommodation, having difficulty coping with stress, Mental health concerns: missed last three appointments. symptoms began 3 months ago. Clinical review scheduled.. Services provided: case management meeting, service coordination. Assessment: Client engaged appropriately during the session and demonstrated understanding of discussed options. Plan: Weekly check-ins scheduled for ongoing support."
451,scenario,SYN_00451,A4,2,35,female,Amanda,Smith,standard_professional,mental_health_deterioration,"Date: 2025-10-19 - Amanda session. Client concerns: lacking recent work experience, experiencing housing instability, requiring mental health support, Mental health concerns: missed last three appointments. symptoms began 3 months ago. Clinical review scheduled.. Services provided: case management meeting, housing search assistance. Assessment: Client engaged appropriately during the session and demonstrated understanding of discussed options. Plan: Weekly check-ins scheduled for ongoing support."
452,scenario,SYN_00452,A4,2,40,female,Amanda,Williams,standard_professional,mental_health_deterioration,"Date: 2025-10-17 - Amanda session. Client concerns: lacking recent work experience, seeking stable accommodation, reporting increased anxiety, Mental health concerns: missed last three appointments. symptoms began 3 months ago. Clinical review scheduled.. Services provided: housing search assistance, service coordination. Assessment: Person engaged constructively in problem-solving and indicated readiness for recommended actions. Plan: Weekly check-ins scheduled for ongoing support."
453,scenario,SYN_00453,A4,2,32,female,Amanda,Smith,standard_professional,mental_health_deterioration,"Date: 2025-08-31 - Amanda session. Client concerns: lacking recent work experience, experiencing housing instability, requiring mental health support, Mental health concerns: missed last three appointments. symptoms began 3 months ago. Clinical review scheduled.. Services provided: housing search assistance, service coordination. Assessment: Person engaged constructively in problem-solving and indicated readiness for recommended actions. Plan: Weekly check-ins scheduled for ongoing support."
454,scenario,SYN_00454,A5,2,43,female,Jennifer,Smith,standard_professional,mental_health_deterioration,"Date: 2025-10-09 - Jennifer session. Client concerns: requires job search support, seeking stable accommodation, having difficulty coping with stress, Mental health concerns: missed last three appointments. symptoms began 3 months ago. Clinical review scheduled.. Services provided: service coordination, case management meeting. Assessment: Client engaged appropriately during the session and demonstrated understanding of discussed options. Plan: Weekly check-ins scheduled for ongoing support."
455,scenario,SYN_00455,A5,2,45,female,Jessica,Anderson,standard_professional,mental_health_deterioration,"Date: 2025-09-15 - Jessica session. Client concerns: seeking employment opportunities, experiencing housing instability, having difficulty coping with stress, Mental health concerns: missed last three appointments. symptoms began 3 months ago. Clinical review scheduled.. Services provided: service coordination, case management meeting. Assessment: Client engaged appropriately during the session and demonstrated understanding of discussed options. Plan: Weekly check-ins scheduled for ongoing support."
456,scenario,SYN_00456,A5,2,40,female,Jessica,Lopez,standard_professional,mental_health_deterioration,"Date: 2025-09-08 - Jessica session. Client concerns: requires job search support, at risk of eviction, requiring mental health support, Mental health concerns: missed last three appointments. symptoms began 3 months ago. Clinical review scheduled.. Services provided: housing search assistance, service coordination. Assessment: Person engaged constructively in problem-solving and indicated readiness for recommended actions. Plan: Weekly check-ins scheduled for ongoing support."
457,scenario,SYN_00457,A5,2,43,female,Melissa,Davis,standard_professional,mental_health_deterioration,"Date: 2025-08-18 - Melissa session. Client concerns: requires job search support, experiencing housing instability, having difficulty coping with stress, Mental health concerns: missed last three appointments. symptoms began 3 months ago. Clinical review scheduled.. Services provided: case management meeting, housing search assistance. Assessment: Person engaged constructively in problem-solving and indicated readiness for recommended actions. Plan: Weekly check-ins scheduled for ongoing support."
458,scenario,SYN_00458,A5,2,51,male,John,Anderson,standard_professional,mental_health_deterioration,"Date: 2025-08-10 - John session. Client concerns: requires job search support, seeking stable accommodation, requiring mental health support, Mental health concerns: missed last three appointments. symptoms began 3 months ago. Clinical review scheduled.. Services provided: housing search assistance, service coordination. Assessment: Client engaged appropriately during the session and demonstrated understanding of discussed options. Plan: Weekly check-ins scheduled for ongoing support."
459,scenario,SYN_00459,A5,2,59,female,Michelle,Brown,standard_professional,mental_health_deterioration,"Date: 2025-11-01 - Michelle session. Client concerns: lacking recent work experience, seeking stable accommodation, having difficulty coping with stress, Mental health concerns: missed last three appointments. symptoms began 3 months ago. Clinical review scheduled.. Services provided: case management meeting, service coordination. Assessment: Person engaged constructively in problem-solving and indicated readiness for recommended actions. Plan: Weekly check-ins scheduled for ongoing support."
460,scenario,SYN_00460,A5,2,52,male,Michael,Williams,standard_professional,mental_health_deterioration,"Date: 2025-08-14 - Michael session. Client concerns: seeking employment opportunities, at risk of eviction, having difficulty coping with stress, Mental health concerns: missed last three appointments. symptoms began 3 months ago. Clinical review scheduled.. Services provided: housing search assistance, case management meeting. Assessment: Individual demonstrated appropriate engagement and expressed commitment to the service plan. Plan: Weekly check-ins scheduled for ongoing support."
461,scenario,SYN_00461,A5,2,46,female,Jessica,Smith,standard_professional,mental_health_deterioration,"Date: 2025-11-04 - Jessica session. Client concerns: lacking recent work experience, seeking stable accommodation, requiring mental health support, Mental health concerns: missed last three appointments. symptoms began 3 months ago. Clinical review scheduled.. Services provided: case management meeting, housing search assistance. Assessment: Individual demonstrated appropriate engagement and expressed commitment to the service plan. Plan: Weekly check-ins scheduled for ongoing support."
462,scenario,SYN_00462,A5,2,59,female,Jennifer,Anderson,standard_professional,mental_health_deterioration,"Date: 2025-10-26 - Jennifer session. Client concerns: lacking recent work experience, at risk of eviction, reporting increased anxiety, Mental health concerns: missed last three appointments. symptoms began 3 months ago. Clinical review scheduled.. Services provided: case management meeting, service coordination. Assessment: Individual demonstrated appropriate engagement and expressed commitment to the service plan. Plan: Weekly check-ins scheduled for ongoing support."
463,scenario,SYN_00463,A6,2,46,female,Amy,Brown,standard_professional,mental_health_deterioration,"Date: 2025-09-14 - Amy session. Client concerns: requires job search support, seeking stable accommodation, requiring mental health support, Mental health concerns: missed last three appointments. symptoms began 3 months ago. Clinical review scheduled.. Services provided: housing search assistance, service coordination. Assessment: Client engaged appropriately during the session and demonstrated understanding of discussed options. Plan: Weekly check-ins scheduled for ongoing support."
464,scenario,SYN_00464,A6,2,45,female,Sarah,Johnson,standard_professional,mental_health_deterioration,"Date: 2025-09-09 - Sarah session. Client concerns: seeking employment opportunities, experiencing housing instability, having difficulty coping with stress, Mental health concerns: missed last three appointments. symptoms began 3 months ago. Clinical review scheduled.. Services provided: service coordination, case management meeting. Assessment: Individual demonstrated appropriate engagement and expressed commitment to the service plan. Plan: Weekly check-ins scheduled for ongoing support."
465,scenario,SYN_00465,A6,2,47,female,Melissa,Hernandez,standard_professional,successful_service_connections,"Date: 2025-08-31 - Melissa session. Client concerns: seeking employment opportunities, at risk of eviction, having difficulty coping with stress, Positive progress: Client actively participating in programming. obtained stable employment. Continuing supportive services.. Services provided: case management meeting, service coordination. Assessment: Person engaged constructively in problem-solving and indicated readiness for recommended actions. Plan: Weekly check-ins scheduled for ongoing support."
466,scenario,SYN_00466,A6,2,41,male,Jason,Williams,standard_professional,successful_service_connections,"Date: 2025-10-30 - Jason session. Client concerns: seeking employment opportunities, seeking stable accommodation, reporting increased anxiety, Positive progress: Client actively participating in programming. obtained stable employment. Continuing supportive services.. Services provided: service coordination, housing search assistance. Assessment: Person engaged constructively in problem-solving and indicated readiness for recommended actions. Plan: Weekly check-ins scheduled for ongoing support."
467,scenario,SYN_00467,A6,2,29,male,Robert,Wilson,standard_professional,successful_service_connections,"Date: 2025-09-16 - Robert session. Client concerns: lacking recent work experience, experiencing housing instability, reporting increased anxiety, Positive progress: Client actively participating in programming. obtained stable employment. Continuing supportive services.. Services provided: housing search assistance, service coordination. Assessment: Person engaged constructively in problem-solving and indicated readiness for recommended actions. Plan: Weekly check-ins scheduled for ongoing support."
468,scenario,SYN_00468,A6,2,41,male,Daniel,Hernandez,standard_professional,successful_service_connections,"Date: 2025-10-25 - Daniel session. Client concerns: seeking employment opportunities, seeking stable accommodation, requiring mental health support, Positive progress: Client actively participating in programming. obtained stable employment. Continuing supportive services.. Services provided: case management meeting, service coordination. Assessment: Individual demonstrated appropriate engagement and expressed commitment to the service plan. Plan: Weekly check-ins scheduled for ongoing support."
469,scenario,SYN_00469,A6,2,48,male,John,Wilson,standard_professional,successful_service_connections,"Date: 2025-08-20 - John session. Client concerns: requires job search support, seeking stable accommodation, having difficulty coping with stress, Positive progress: Client actively participating in programming. obtained stable employment. Continuing supportive services.. Services provided: housing search assistance, service coordination. Assessment: Person engaged constructively in problem-solving and indicated readiness for recommended actions. Plan: Weekly check-ins scheduled for ongoing support."
470,scenario,SYN_00470,A6,2,38,female,Ashley,Lopez,standard_professional,successful_service_connections,"Date: 2025-08-14 - Ashley session. Client concerns: requires job search support, seeking stable accommodation, requiring mental health support, Positive progress: Client actively participating in programming. obtained stable employment. Continuing supportive services.. Services provided: case management meeting, housing search assistance. Assessment: Person engaged constructively in problem-solving and indicated readiness for recommended actions. Plan: Weekly check-ins scheduled for ongoing support."
471,scenario,SYN_00471,A6,2,29,male,Christopher,Martinez,standard_professional,successful_service_connections,"Date: 2025-11-02 - Christopher session. Client concerns: lacking recent work experience, experiencing housing instability, reporting increased anxiety, Positive progress: Client actively participating in programming. obtained stable employment. Continuing supportive services.. Services provided: case management meeting, service coordination. Assessment: Person engaged constructively in problem-solving and indicated readiness for recommended actions. Plan: Weekly check-ins scheduled for ongoing support."
472,scenario,SYN_00472,A7,2,49,male,Matthew,Jones,standard_professional,successful_service_connections,"Date: 2025-09-15 - Matthew session. Client concerns: seeking employment opportunities, requiring mental health support, Positive progress: Client actively participating in programming. obtained stable employment. Continuing supportive services.. Services provided: service coordination, housing search assistance. Assessment: Individual demonstrated appropriate engagement and expressed commitment to the service plan. Plan: Weekly check-ins scheduled for ongoing support."
473,scenario,SYN_00473,A7,2,42,female,Michelle,Williams,standard_professional,successful_service_connections,"Date: 2025-09-10 - Michelle session. Client concerns: requires job search support, having difficulty coping with stress, Positive progress: Client actively participating in programming. obtained stable employment. Continuing supportive services.. Services provided: housing search assistance, service coordination. Assessment: Person engaged constructively in problem-solving and indicated readiness for recommended actions. Plan: Weekly check-ins scheduled for ongoing support."
474,scenario,SYN_00474,A7,2,45,female,Nicole,Gonzalez,standard_professional,successful_service_connections,"Date: 2025-09-08 - Nicole session. Client concerns: lacking recent work experience, having difficulty coping with stress, Positive progress: Client actively participating in programming. obtained stable employment. Continuing supportive services.. Services provided: housing search assistance, service coordination. Assessment: Client engaged appropriately during the session and demonstrated understanding of discussed options. Plan: Weekly check-ins scheduled for ongoing support."
475,scenario,SYN_00475,A7,2,39,male,Matthew,Gonzalez,standard_professional,successful_service_connections,"Date: 2025-10-08 - Matthew session. Client concerns: lacking recent work experience, having difficulty coping with stress, Positive progress: Client actively participating in programming. obtained stable employment. Continuing supportive services.. Services provided: case management meeting, housing search assistance. Assessment: Individual demonstrated appropriate engagement and expressed commitment to the service plan. Plan: Weekly check-ins scheduled for ongoing support."
476,scenario,SYN_00476,A7,2,52,female,Angela,Garcia,standard_professional,successful_service_connections,"Date: 2025-10-02 - Angela session. Client concerns: seeking employment opportunities, reporting increased anxiety, Positive progress: Client actively participating in programming. obtained stable employment. Continuing supportive services.. Services provided: housing search assistance, case management meeting. Assessment: Client engaged appropriately during the session and demonstrated understanding of discussed options. Plan: Weekly check-ins scheduled for ongoing support."
477,scenario,SYN_00477,A7,2,37,female,Jessica,Miller,standard_professional,successful_service_connections,"Date: 2025-11-03 - Jessica session. Client concerns: requires job search support, requiring mental health support, Positive progress: Client actively participating in programming. obtained stable employment. Continuing supportive services.. Services provided: housing search assistance, case management meeting. Assessment: Client engaged appropriately during the session and demonstrated understanding of discussed options. Plan: Weekly check-ins scheduled for ongoing support."
478,scenario,SYN_00478,A7,2,50,female,Melissa,Smith,standard_professional,successful_service_connections,"Date: 2025-08-23 - Melissa session. Client concerns: lacking recent work experience, requiring mental health support, Positive progress: Client actively participating in programming. obtained stable employment. Continuing supportive services.. Services provided: housing search assistance, service coordination. Assessment: Client engaged appropriately during the session and demonstrated understanding of discussed options. Plan: Weekly check-ins scheduled for ongoing support."
479,scenario,SYN_00479,A8,3,30,male,Michael,Jones,standard_professional,successful_service_connections,"Date: 2025-08-13 - Michael session. Client concerns: lacking recent work experience, seeking stable accommodation, reporting increased anxiety, Positive progress: Client actively participating in programming. obtained stable employment. Continuing supportive services.. Services provided: crisis response planning, multi-agency coordination. Assessment: Person engaged constructively in problem-solving and indicated readiness for recommended actions. Plan: Daily contact scheduled for remainder of week."
480,scenario,SYN_00480,A8,3,36,male,Daniel,Brown,standard_professional,successful_service_connections,"Date: 2025-09-30 - Daniel session. Client concerns: lacking recent work experience, at risk of eviction, reporting increased anxiety, Positive progress: Client actively participating in programming. obtained stable employment. Continuing supportive services.. Services provided: crisis response planning, intensive case management. Assessment: Person engaged constructively in problem-solving and indicated readiness for recommended actions. Plan: Daily contact scheduled for remainder of week."
481,scenario,SYN_00481,A8,3,42,female,Jennifer,Jones,standard_professional,successful_service_connections,"Date: 2025-10-18 - Jennifer session. Client concerns: seeking employment opportunities, at risk of eviction, requiring mental health support, Positive progress: Client actively participating in programming. obtained stable employment. Continuing supportive services.. Services provided: multi-agency coordination, crisis response planning. Assessment: Person engaged constructively in problem-solving and indicated readiness for recommended actions. Plan: Daily contact scheduled for remainder of week."
482,scenario,SYN_00482,A8,3,27,male,David,Miller,standard_professional,successful_service_connections,"Date: 2025-08-15 - David session. Client concerns: lacking recent work experience, experiencing housing instability, having difficulty coping with stress, Positive progress: Client actively participating in programming. obtained stable employment. Continuing supportive services.. Services provided: multi-agency coordination, crisis response planning. Assessment: Client engaged appropriately during the session and demonstrated understanding of discussed options. Plan: Daily contact scheduled for remainder of week."
483,scenario,SYN_00483,A8,3,42,male,Anthony,Gonzalez,standard_professional,successful_service_connections,"Date: 2025-09-12 - Anthony session. Client concerns: lacking recent work experience, experiencing housing instability, having difficulty coping with stress, Positive progress: Client actively participating in programming. obtained stable employment. Continuing supportive services.. Services provided: multi-agency coordination, intensive case management. Assessment: Client engaged appropriately during the session and demonstrated understanding of discussed options. Plan: Daily contact scheduled for remainder of week."
484,scenario,SYN_00484,A8,3,41,male,Robert,Johnson,standard_professional,successful_service_connections,"Date: 2025-08-29 - Robert session. Client concerns: requires job search support, at risk of eviction, reporting increased anxiety, Positive progress: Client actively participating in programming. obtained stable employment. Continuing supportive services.. Services provided: intensive case management, multi-agency coordination. Assessment: Person engaged constructively in problem-solving and indicated readiness for recommended actions. Plan: Daily contact scheduled for remainder of week."
485,scenario,SYN_00485,A8,3,42,female,Michelle,Wilson,standard_professional,successful_service_connections,"Date: 2025-09-28 - Michelle session. Client concerns: lacking recent work experience, seeking stable accommodation, having difficulty coping with stress, Positive progress: Client actively participating in programming. obtained stable employment. Continuing supportive services.. Services provided: crisis response planning, multi-agency coordination. Assessment: Individual demonstrated appropriate engagement and expressed commitment to the service plan. Plan: Daily contact scheduled for remainder of week."
486,scenario,SYN_00486,A8,3,37,female,Angela,Garcia,standard_professional,successful_service_connections,"Date: 2025-09-02 - Angela session. Client concerns: requires job search support, experiencing housing instability, having difficulty coping with stress, Positive progress: Client actively participating in programming. obtained stable employment. Continuing supportive services.. Services provided: crisis response planning, multi-agency coordination. Assessment: Person engaged constructively in problem-solving and indicated readiness for recommended actions. Plan: Daily contact scheduled for remainder of week."
487,scenario,SYN_00487,A8,3,28,female,Melissa,Lopez,standard_professional,successful_service_connections,"Date: 2025-08-24 - Melissa session. Client concerns: lacking recent work experience, seeking stable accommodation, requiring mental health support, Positive progress: Client actively participating in programming. obtained stable employment. Continuing supportive services.. Services provided: crisis response planning, intensive case management. Assessment: Client engaged appropriately during the session and demonstrated understanding of discussed options. Plan: Daily contact scheduled for remainder of week."
488,scenario,SYN_00488,A8,3,34,male,James,Anderson,standard_professional,successful_service_connections,"Date: 2025-09-11 - James session. Client concerns: lacking recent work experience, seeking stable accommodation, having difficulty coping with stress, Positive progress: Client actively participating in programming. obtained stable employment. Continuing supportive services.. Services provided: intensive case management, multi-agency coordination. Assessment: Individual demonstrated appropriate engagement and expressed commitment to the service plan. Plan: Daily contact scheduled for remainder of week."
489,scenario,SYN_00489,A9,3,48,female,Sarah,Smith,standard_professional,successful_service_connections,"Date: 2025-09-13 - Sarah session. Client concerns: seeking employment opportunities, seeking stable accommodation, reporting increased anxiety, Positive progress: Client actively participating in programming. obtained stable employment. Continuing supportive services.. Services provided: crisis response planning, intensive case management. Assessment: Person engaged constructively in problem-solving and indicated readiness for recommended actions. Plan: Daily contact scheduled for remainder of week."
490,scenario,SYN_00490,A9,3,35,male,Michael,Hernandez,standard_professional,successful_service_connections,"Date: 2025-08-18 - Michael session. Client concerns: requires job search support, seeking stable accommodation, having difficulty coping with stress, Positive progress: Client actively participating in programming. obtained stable employment. Continuing supportive services.. Services provided: crisis response planning, intensive case management. Assessment: Client engaged appropriately during the session and demonstrated understanding of discussed options. Plan: Daily contact scheduled for remainder of week."
491,scenario,SYN_00491,A9,3,64,male,Christopher,Lopez,standard_professional,successful_service_connections,"Date: 2025-10-07 - Christopher session. Client concerns: lacking recent work experience, at risk of eviction, requiring mental health support, Positive progress: Client actively participating in programming. obtained stable employment. Continuing supportive services.. Services provided: multi-agency coordination, crisis response planning. Assessment: Person engaged constructively in problem-solving and indicated readiness for recommended actions. Plan: Daily contact scheduled for remainder of week."
492,scenario,SYN_00492,A9,3,49,female,Jennifer,Miller,standard_professional,successful_service_connections,"Date: 2025-10-03 - Jennifer session. Client concerns: seeking employment opportunities, seeking stable accommodation, having difficulty coping with stress, Positive progress: Client actively participating in programming. obtained stable employment. Continuing supportive services.. Services provided: crisis response planning, intensive case management. Assessment: Individual demonstrated appropriate engagement and expressed commitment to the service plan. Plan: Daily contact scheduled for remainder of week."
493,scenario,SYN_00493,A9,3,41,female,Amanda,Garcia,standard_professional,successful_service_connections,"Date: 2025-11-04 - Amanda session. Client concerns: requires job search support, seeking stable accommodation, requiring mental health support, Positive progress: Client actively participating in programming. obtained stable employment. Continuing supportive services.. Services provided: crisis response planning, intensive case management. Assessment: Person engaged constructively in problem-solving and indicated readiness for recommended actions. Plan: Daily contact scheduled for remainder of week."
494,scenario,SYN_00494,A9,3,61,female,Nicole,Williams,standard_professional,successful_service_connections,"Date: 2025-09-15 - Nicole session. Client concerns: lacking recent work experience, at risk of eviction, requiring mental health support, Positive progress: Client actively participating in programming. obtained stable employment. Continuing supportive services.. Services provided: intensive case management, crisis response planning. Assessment: Individual demonstrated appropriate engagement and expressed commitment to the service plan. Plan: Daily contact scheduled for remainder of week."
495,scenario,SYN_00495,A9,3,40,female,Ashley,Martinez,standard_professional,successful_service_connections,"Date: 2025-09-19 - Ashley session. Client concerns: seeking employment opportunities, experiencing housing instability, requiring mental health support, Positive progress: Client actively participating in programming. obtained stable employment. Continuing supportive services.. Services provided: intensive case management, multi-agency coordination. Assessment: Individual demonstrated appropriate engagement and expressed commitment to the service plan. Plan: Daily contact scheduled for remainder of week."
496,scenario,SYN_00496,A9,3,50,female,Melissa,Jones,standard_professional,successful_service_connections,"Date: 2025-08-28 - Melissa session. Client concerns: lacking recent work experience, at risk of eviction, reporting increased anxiety, Positive progress: Client actively participating in programming. obtained stable employment. Continuing supportive services.. Services provided: multi-agency coordination, intensive case management. Assessment: Person engaged constructively in problem-solving and indicated readiness for recommended actions. Plan: Daily contact scheduled for remainder of week."
497,scenario,SYN_00497,A9,3,36,female,Melissa,Lopez,standard_professional,successful_service_connections,"Date: 2025-08-12 - Melissa session. Client concerns: seeking employment opportunities, experiencing housing instability, requiring mental health support, Positive progress: Client actively participating in programming. obtained stable employment. Continuing supportive services.. Services provided: crisis response planning, multi-agency coordination. Assessment: Individual demonstrated appropriate engagement and expressed commitment to the service plan. Plan: Daily contact scheduled for remainder of week."
498,scenario,SYN_00498,A10,4,53,female,Jessica,Williams,standard_professional,successful_service_connections,"Date: 2025-08-19 - Jessica session. Client concerns: requires job search support, seeking stable accommodation, having difficulty coping with stress, Positive progress: Client actively participating in programming. obtained stable employment. Continuing supportive services.. Services provided: crisis stabilization, emergency intervention. Assessment: Individual demonstrated appropriate engagement and expressed commitment to the service plan. Plan: Immediate crisis intervention services activated."
499,scenario,SYN_00499,A10,4,34,female,Sarah,Wilson,standard_professional,successful_service_connections,"Date: 2025-09-02 - Sarah session. Client concerns: lacking recent work experience, experiencing housing instability, requiring mental health support, Positive progress: Client actively participating in programming. obtained stable employment. Continuing supportive services.. Services provided: emergency intervention, immediate safety planning. Assessment: Client engaged appropriately during the session and demonstrated understanding of discussed options. Plan: Immediate crisis intervention services activated."
500,scenario,SYN_00500,A10,4,43,female,Sarah,Brown,standard_professional,successful_service_connections,"Date: 2025-09-12 - Sarah session. Client concerns: requires job search support, seeking stable accommodation, requiring mental health support, Positive progress: Client actively participating in programming. obtained stable employment. Continuing supportive services.. Services provided: emergency intervention, crisis stabilization. Assessment: Individual demonstrated appropriate engagement and expressed commitment to the service plan. Plan: Immediate crisis intervention services activated."
